dataset,fairness_condition,cov,cov_s,acc,acc_s,neg_0,neg_0_s,neg_1,neg_1_s,pos_0,pos_0_s,pos_1,pos_1_s,abs_0,abs_0_s,abs_1,abs_1_s,tnr_0,tnr_0_s,tnr_1,tnr_1_s,fpr_0,fpr_0_s,fpr_1,fpr_1_s,nar_0,nar_0_s,nar_1,nar_1_s,fnr_0,fnr_0_s,fnr_1,fnr_1_s,tpr_0,tpr_0_s,tpr_1,tpr_1_s,par_0,par_0_s,par_1,par_1_s
compas,ind,0.39331939816474915,0.03819580003619194,0.721264660358429,0.02189234085381031,0.10074909776449203,0.02387898787856102,0.09848523885011673,0.01063518039882183,0.2882801592350006,0.030116887763142586,0.29687759280204773,0.06668224930763245,0.6109707951545715,0.0292512234300375,0.6046371459960938,0.06258630007505417,0.368317186832428,0.043171804398298264,0.38920098543167114,0.08465955406427383,0.054702408611774445,0.020044531673192978,0.04179299250245094,0.0059854499995708466,0.5769804120063782,0.04003012552857399,0.5690060257911682,0.08399414271116257,0.1732742339372635,0.03289172053337097,0.1938459724187851,0.05282803252339363,0.16697657108306885,0.03385642543435097,0.1619587391614914,0.017893359065055847,0.6597492098808289,0.038319434970617294,0.6441951990127563,0.04494843631982803
default,ind,0.3940333425998688,0.010087208822369576,0.8650045394897461,0.005876274313777685,0.009419867768883705,0.003758128499612212,0.009607255458831787,0.002269322983920574,0.37346166372299194,0.012816806323826313,0.39176902174949646,0.012620118446648121,0.6171184778213501,0.014942665584385395,0.5986237525939941,0.013282754458487034,0.4254348874092102,0.014006387442350388,0.43074560165405273,0.013179431669414043,0.004084027837961912,0.0024747333955019712,0.0031719491817057133,0.0011559573467820883,0.5704811811447144,0.015169876627624035,0.5660824775695801,0.013279758393764496,0.2122224122285843,0.014659821055829525,0.24106626212596893,0.018075993284583092,0.02602938748896122,0.010505019687116146,0.03459470346570015,0.00835071224719286,0.761748194694519,0.02048015594482422,0.7243390679359436,0.019157223403453827
adult,ind,0.3983195126056671,0.008392049930989742,0.893680214881897,0.005367726553231478,0.017706457525491714,0.0037474925629794598,0.018956243991851807,0.003289391752332449,0.3791542053222656,0.009436755441129208,0.3823752999305725,0.012680946849286556,0.603139340877533,0.007519806735217571,0.5986684560775757,0.013049716129899025,0.46969717741012573,0.011109840124845505,0.41671696305274963,0.013508464209735394,0.0004034958255942911,0.00019471578707452863,0.0024538778234273195,0.0009953246917575598,0.5298992991447449,0.011188849806785583,0.5808292031288147,0.013281547464430332,0.17837807536125183,0.010334249585866928,0.11023654043674469,0.01597154326736927,0.05609067156910896,0.012333367019891739,0.14984837174415588,0.02683473564684391,0.7655312418937683,0.012324584648013115,0.7399150133132935,0.032760974019765854
compas,ind,0.40382736921310425,0.04422814026474953,0.7206214666366577,0.021374531090259552,0.10721395164728165,0.019468538463115692,0.10129369795322418,0.00923185609281063,0.30786216259002686,0.022437861189246178,0.29687759280204773,0.06668224930763245,0.5849238634109497,0.023862726986408234,0.6018286943435669,0.06369456648826599,0.39094969630241394,0.03881005570292473,0.38920098543167114,0.08465955406427383,0.05690266937017441,0.017044510692358017,0.04418633133172989,0.0047499812208116055,0.5521476864814758,0.035491157323122025,0.566612720489502,0.08398102968931198,0.18769559264183044,0.024746457114815712,0.1938459724187851,0.05282803252339363,0.17969858646392822,0.024491960182785988,0.16522791981697083,0.016701985150575638,0.6326058506965637,0.0324929878115654,0.6409261226654053,0.04744195193052292
bank,ind,0.40411457419395447,0.008022164925932884,0.9932501912117004,0.0012685200199484825,0.0036258958280086517,0.0007421550108119845,0.003436655504629016,0.0028519013430923223,0.4003273844718933,0.008433785289525986,0.4027964174747467,0.03611791878938675,0.5960466861724854,0.008532675914466381,0.5937669277191162,0.036141328513622284,0.4431261122226715,0.009395509958267212,0.5419384837150574,0.038684677332639694,0.0012579590547829866,0.0004014369333162904,0.0019096959149464965,0.0021761672105640173,0.5556159615516663,0.009499967098236084,0.4561517834663391,0.03895190730690956,0.006909233517944813,0.002197596011683345,0.04871590808033943,0.02291298285126686,0.02543887495994568,0.004888002760708332,0.007408279925584793,0.0056298598647117615,0.9676519632339478,0.00525150028988719,0.943875789642334,0.022065268829464912
compas,ind,0.41336116194725037,0.03809027746319771,0.7208216786384583,0.016429951414465904,0.10930313169956207,0.020284097641706467,0.10420779138803482,0.00990553479641676,0.3283687233924866,0.020880000665783882,0.29682180285453796,0.05383596196770668,0.5623282194137573,0.025119083002209663,0.5989704132080078,0.05303166061639786,0.4164300560951233,0.04052336886525154,0.3884194493293762,0.06575945019721985,0.05796923488378525,0.016878245398402214,0.044588353484869,0.004917779937386513,0.525600790977478,0.03550952672958374,0.5669922232627869,0.06484024226665497,0.2011835128068924,0.020362921059131622,0.1939198076725006,0.043353646993637085,0.18321315944194794,0.024937905371189117,0.17096339166164398,0.01808452419936657,0.6156033277511597,0.03175138682126999,0.6351168155670166,0.04605522379279137
default,ind,0.414416640996933,0.01049640029668808,0.8646067380905151,0.006266768556088209,0.00971379317343235,0.003992501646280289,0.009690011851489544,0.002218583831563592,0.40281638503074646,0.016712142154574394,0.40601611137390137,0.011355365626513958,0.587469756603241,0.017999691888689995,0.5842939019203186,0.012647366151213646,0.4583309292793274,0.02017838880419731,0.44645634293556213,0.01261330209672451,0.004194437060505152,0.0024747932329773903,0.0031719491817057133,0.0011559573467820883,0.5374746918678284,0.01978914625942707,0.5503717064857483,0.013138175010681152,0.2308056354522705,0.01724095456302166,0.2496914565563202,0.01768430881202221,0.026890862733125687,0.011459289118647575,0.034985847771167755,0.00808802992105484,0.7423034906387329,0.0227501280605793,0.7153226733207703,0.019177157431840897
adult,ind,0.4190381169319153,0.007118563167750835,0.8905075192451477,0.005735507234930992,0.018377775326371193,0.004076119512319565,0.019601652398705482,0.003135845297947526,0.3996623158454895,0.007742574438452721,0.4014860689640045,0.012158941477537155,0.5819599628448486,0.006071812938898802,0.5789123177528381,0.011928314343094826,0.49283522367477417,0.008181403391063213,0.43693169951438904,0.012733380310237408,0.0004034958255942911,0.00019471578707452863,0.0027215201407670975,0.0010438001481816173,0.5067612528800964,0.008256393484771252,0.5603467226028442,0.01233758870512247,0.193081796169281,0.011750675737857819,0.12060723453760147,0.016496729105710983,0.05824367329478264,0.013291087932884693,0.1534474790096283,0.025647666305303574,0.7486745119094849,0.014760063029825687,0.7259452939033508,0.0334196537733078
german,ind,0.4204999804496765,0.02910231053829193,0.8620941042900085,0.03537149727344513,0.015174418687820435,0.007343762554228306,0.03192732483148575,0.030389711260795593,0.39616721868515015,0.04995112121105194,0.41312330961227417,0.0917586162686348,0.5886583924293518,0.04893481731414795,0.5549494028091431,0.07284626364707947,0.4841817021369934,0.05434020981192589,0.5388886332511902,0.10718635469675064,0.008206894621253014,0.008302423171699047,0.007317072711884975,0.023138616234064102,0.5076113939285278,0.054676759988069534,0.45379433035850525,0.09801695495843887,0.17770814895629883,0.05290995538234711,0.16488789021968842,0.09016969799995422,0.03371013328433037,0.018819652497768402,0.08147874474525452,0.0674179270863533,0.7885817289352417,0.0473441481590271,0.7536333203315735,0.061198413372039795
bank,ind,0.42341309785842896,0.007530020084232092,0.9927825927734375,0.0009881682926788926,0.0038345649372786283,0.0007624482968822122,0.003790012327954173,0.0025852196849882603,0.41935020685195923,0.008123228326439857,0.4225657880306244,0.03651651367545128,0.5768152475357056,0.008254450745880604,0.5736442804336548,0.03699825704097748,0.46417737007141113,0.009198270738124847,0.565254807472229,0.0387452207505703,0.0013446822995319963,0.00038314450648613274,0.002155396156013012,0.0020728472154587507,0.534477949142456,0.009273058734834194,0.4325898587703705,0.039269596338272095,0.007307831197977066,0.0020509944297373295,0.059195321053266525,0.023636022582650185,0.026773959398269653,0.005002771969884634,0.008037211373448372,0.0050295996479690075,0.965918242931366,0.0053247977048158646,0.932767391204834,0.02352607063949108
default,ind,0.43320003151893616,0.006967200431972742,0.8651580810546875,0.006619513500481844,0.009838867001235485,0.003923146519809961,0.009717333130538464,0.002211035927757621,0.42579522728919983,0.0155886085703969,0.4219091534614563,0.012082293629646301,0.5643659234046936,0.015891673043370247,0.5683735609054565,0.011191844008862972,0.48448315262794495,0.018241755664348602,0.4642951488494873,0.015126644633710384,0.004194437060505152,0.0024747932329773903,0.0031719491817057133,0.0011559573467820883,0.5113223791122437,0.017272116616368294,0.5325328707695007,0.014486354775726795,0.24390514194965363,0.020017089322209358,0.2580505907535553,0.015484161674976349,0.027394548058509827,0.011093066073954105,0.03511708229780197,0.008130288682878017,0.7287002801895142,0.024198392406105995,0.7068322896957397,0.01468842662870884
adult,ind,0.4366500973701477,0.007388630881905556,0.887132465839386,0.005394902545958757,0.019130120053887367,0.0037794942036271095,0.020320136100053787,0.003129713935777545,0.4176865518093109,0.007724547293037176,0.4159769117832184,0.010922943241894245,0.5631832480430603,0.006872716825455427,0.5637029409408569,0.011341794393956661,0.5131674408912659,0.009446407668292522,0.4515701234340668,0.011071600019931793,0.00042716445750556886,0.0002442142285872251,0.0033752727322280407,0.0014025385025888681,0.4864054322242737,0.009539791382849216,0.54505455493927,0.01055301632732153,0.20599178969860077,0.011095095425844193,0.13422340154647827,0.021219419315457344,0.06061585620045662,0.012434114702045918,0.15464428067207336,0.02471058815717697,0.7333923578262329,0.014387019909918308,0.711132287979126,0.03517749533057213
compas,ind,0.43695196509361267,0.05027318745851517,0.7161901593208313,0.01441154908388853,0.11666830629110336,0.021617235615849495,0.10832498967647552,0.010882420465350151,0.3393038809299469,0.029814550653100014,0.31926479935646057,0.06046446040272713,0.5440278053283691,0.039926983416080475,0.5724101662635803,0.06259603798389435,0.4247383177280426,0.04517190158367157,0.4179821014404297,0.07882179319858551,0.0654999390244484,0.020766036584973335,0.0466851070523262,0.004668598994612694,0.5097618103027344,0.04741227999329567,0.5353327989578247,0.07976105064153671,0.21593530476093292,0.027938634157180786,0.2087365835905075,0.042812906205654144,0.190311998128891,0.024847006425261497,0.17738233506679535,0.020703408867120743,0.5937526822090149,0.04226093739271164,0.6138810515403748,0.04866429790854454
german,ind,0.4385000169277191,0.025391383096575737,0.8560004234313965,0.03323478251695633,0.01654428243637085,0.006076855584979057,0.03192732483148575,0.030389711260795593,0.4128938615322113,0.04765034839510918,0.43231457471847534,0.09278593212366104,0.5705618262290955,0.0468902513384819,0.5357581377029419,0.0708191767334938,0.49816328287124634,0.05492544546723366,0.5665310621261597,0.10798522084951401,0.008206894621253014,0.008302423171699047,0.007317072711884975,0.023138616234064102,0.4936298429965973,0.054295312613248825,0.426151841878891,0.09659061580896378,0.20243379473686218,0.04994884133338928,0.16859158873558044,0.09510240703821182,0.037793468683958054,0.014536966569721699,0.08147874474525452,0.0674179270863533,0.759772777557373,0.04732602834701538,0.7499296069145203,0.06315483152866364
bank,ind,0.4427843689918518,0.010424892418086529,0.9921395182609558,0.0006712465547025204,0.004030392039567232,0.0007176490616984665,0.0039794063195586205,0.0024988099467009306,0.43855395913124084,0.011102624237537384,0.44154495000839233,0.036996278911828995,0.5574156045913696,0.011123319156467915,0.5544756054878235,0.037097636610269547,0.4853253960609436,0.012392939999699593,0.5864090323448181,0.03880066052079201,0.001373686594888568,0.000372339942259714,0.0024234927259385586,0.0019316656980663538,0.5133009552955627,0.012486038729548454,0.4111674726009369,0.03917980566620827,0.008630488067865372,0.0029492382891476154,0.07320844382047653,0.023443350568413734,0.028508255258202553,0.005006459541618824,0.008037211373448372,0.0050295996479690075,0.9628612399101257,0.005189111921936274,0.9187542796134949,0.023092633113265038
german,ind,0.4529999792575836,0.02740640752017498,0.8507590293884277,0.03669073432683945,0.017285022884607315,0.007194549776613712,0.03592732176184654,0.03126521781086922,0.4264415204524994,0.049485426396131516,0.4437728524208069,0.08968206495046616,0.5562734603881836,0.050328176468610764,0.5202998518943787,0.07446371763944626,0.5121259093284607,0.0544317252933979,0.5762755870819092,0.10490340739488602,0.00919699389487505,0.010210040956735611,0.007317072711884975,0.023138616234064102,0.47867703437805176,0.055334173142910004,0.41640734672546387,0.09440235048532486,0.2150188684463501,0.05749896913766861,0.18118856847286224,0.09693793952465057,0.037793468683958054,0.014536966569721699,0.0925898551940918,0.07169146090745926,0.7471877336502075,0.05557533726096153,0.7262215614318848,0.06398112326860428
default,ind,0.4541000425815582,0.012626691721379757,0.8654423952102661,0.005873085930943489,0.009838867001235485,0.003923146519809961,0.009717333130538464,0.002211035927757621,0.4444790780544281,0.01635121926665306,0.4442693293094635,0.01652376912534237,0.5456820726394653,0.015074420720338821,0.5460134148597717,0.017418349161744118,0.5050848722457886,0.018061647191643715,0.489358514547348,0.01757797598838806,0.004194437060505152,0.0024747932329773903,0.0031719491817057133,0.0011559573467820883,0.4907206594944,0.016682956367731094,0.5074694752693176,0.018052654340863228,0.2564966082572937,0.021686449646949768,0.2698138356208801,0.019825324416160583,0.027394548058509827,0.011093066073954105,0.03511708229780197,0.008130288682878017,0.7161088585853577,0.022620605304837227,0.6950690150260925,0.020798636600375175
compas,ind,0.455462783575058,0.04134345054626465,0.7108122110366821,0.014929884113371372,0.11517409235239029,0.024926286190748215,0.10965919494628906,0.011395873501896858,0.34591206908226013,0.03141345828771591,0.3427720367908478,0.045775942504405975,0.5389138460159302,0.04945705458521843,0.5475687384605408,0.04741230607032776,0.4298577904701233,0.043225325644016266,0.4441196918487549,0.056640829890966415,0.06306091696023941,0.020282261073589325,0.04708562418818474,0.0042893122881650925,0.5070813894271851,0.050705138593912125,0.5087946653366089,0.05529632419347763,0.22478947043418884,0.03761587291955948,0.22938044369220734,0.04124220460653305,0.19050326943397522,0.03381741791963577,0.17981715500354767,0.02217535302042961,0.5847073197364807,0.06564992666244507,0.5908023118972778,0.04686053842306137
adult,ind,0.45723605155944824,0.007504234090447426,0.8866308331489563,0.005801348946988583,0.019882159307599068,0.004228390287607908,0.021135492250323296,0.002906749490648508,0.43608546257019043,0.008726500906050205,0.4386799931526184,0.015051967464387417,0.5440323948860168,0.00738939642906189,0.540184497833252,0.014883507043123245,0.5360121130943298,0.012621801346540451,0.47513970732688904,0.01501364167779684,0.0004508779966272414,0.0002832711033988744,0.003947063814848661,0.0013209813041612506,0.4635370373725891,0.012719541788101196,0.5209132432937622,0.014741054736077785,0.21456201374530792,0.011025233194231987,0.14971157908439636,0.023395271971821785,0.06299189478158951,0.013836714439094067,0.15739920735359192,0.024061305448412895,0.722446084022522,0.012635787017643452,0.6928892135620117,0.03678836673498154
bank,ind,0.46207064390182495,0.00976505596190691,0.9916823506355286,0.0008859771187417209,0.004160840529948473,0.0007431978010572493,0.0039794063195586205,0.0024988099467009306,0.4577585756778717,0.010661793872714043,0.4601272940635681,0.03931634500622749,0.5380805730819702,0.01059213001281023,0.5358933210372925,0.03941208869218826,0.5064900517463684,0.011976199224591255,0.6075849533081055,0.039876338094472885,0.0014025948476046324,0.00040672579780220985,0.0024234927259385586,0.0019316656980663538,0.4921073913574219,0.012062285095453262,0.38999149203300476,0.040188729763031006,0.009831453673541546,0.0028161262162029743,0.08498143404722214,0.025259388610720634,0.02957364358007908,0.005080403294414282,0.008037211373448372,0.0050295996479690075,0.9605948328971863,0.004922792781144381,0.906981348991394,0.0248886551707983
german,ind,0.4685000479221344,0.03605937212705612,0.8470898866653442,0.03788274899125099,0.01946382224559784,0.007237761747092009,0.03592732176184654,0.03126521781086922,0.4390760064125061,0.05346371978521347,0.4597720503807068,0.07906859368085861,0.5414602160453796,0.05318530276417732,0.5043006539344788,0.0643044263124466,0.5261605381965637,0.06110159307718277,0.5964778065681458,0.08856187015771866,0.011351516470313072,0.011704683303833008,0.007317072711884975,0.023138616234064102,0.46248799562454224,0.061044011265039444,0.3962051272392273,0.07627832144498825,0.2244192659854889,0.053584881126880646,0.1900818645954132,0.09625320136547089,0.040066197514534,0.017368609085679054,0.0925898551940918,0.07169146090745926,0.7355145215988159,0.050934478640556335,0.7173282504081726,0.06268133968114853
adult,ind,0.47715863585472107,0.008129434660077095,0.8829862475395203,0.006355919875204563,0.020733600482344627,0.004340657498687506,0.021648045629262924,0.003174860030412674,0.4553311765193939,0.01012045331299305,0.4577158987522125,0.012361533008515835,0.5239351987838745,0.008712693117558956,0.5206360816955566,0.012082726694643497,0.55681312084198,0.011456928215920925,0.49460750818252563,0.012424410320818424,0.0004508779966272414,0.0002832711033988744,0.004369080998003483,0.0015470555517822504,0.4427359998226166,0.011466392315924168,0.5010234117507935,0.011734303086996078,0.23037464916706085,0.013786690309643745,0.16524732112884521,0.024945931509137154,0.06572098284959793,0.014108851552009583,0.15862682461738586,0.024348434060811996,0.7039043307304382,0.015149532817304134,0.6761258840560913,0.0382080078125
default,ind,0.47769999504089355,0.014708439819514751,0.8660553693771362,0.005945457145571709,0.009880395606160164,0.003926847130060196,0.00982760451734066,0.0022035976871848106,0.4662991166114807,0.0225622970610857,0.4688810706138611,0.016128355637192726,0.5238204598426819,0.02366771176457405,0.5212913751602173,0.016601866111159325,0.5299720168113708,0.027999956160783768,0.5169788002967834,0.017759574577212334,0.004249352030456066,0.0025391082745045424,0.003241082187741995,0.0011837338097393513,0.465778648853302,0.02799404039978981,0.4797801077365875,0.017953647300601006,0.2688288986682892,0.020101221278309822,0.2828989624977112,0.019619472324848175,0.027394548058509827,0.011093066073954105,0.035381752997636795,0.008032000623643398,0.7037765383720398,0.024999666959047318,0.681719183921814,0.0198009442538023
bank,ind,0.4835052490234375,0.00885210931301117,0.9909192323684692,0.0009186999523080885,0.004487010650336742,0.0007526587578468025,0.0039794063195586205,0.0024988099467009306,0.478607177734375,0.009680881164968014,0.48485755920410156,0.03819219022989273,0.5169058442115784,0.00951699074357748,0.511163055896759,0.03839878365397453,0.5295063853263855,0.010888316668570042,0.6344437599182129,0.040811438113451004,0.0014893157640472054,0.00043411378283053637,0.0024234927259385586,0.0019316656980663538,0.4690043032169342,0.010917982086539268,0.3631327748298645,0.041228342801332474,0.010759902186691761,0.0031901916954666376,0.10455020517110825,0.02529013715684414,0.032099317759275436,0.005086417775601149,0.008037211373448372,0.0050295996479690075,0.9571408033370972,0.004868714604526758,0.8874125480651855,0.024993540719151497
compas,ind,0.48420318961143494,0.015028736554086208,0.7072921991348267,0.013999932445585728,0.12175551801919937,0.02155950851738453,0.12111619859933853,0.011515445075929165,0.3340722918510437,0.019037071615457535,0.37707027792930603,0.009058978408575058,0.5441721677780151,0.027179187163710594,0.5018134713172913,0.017770905047655106,0.4206678867340088,0.0380324125289917,0.4839088022708893,0.023818273097276688,0.0697421059012413,0.020208733156323433,0.05206462740898132,0.0054098330438137054,0.5095900297164917,0.03619809076189995,0.4640266001224518,0.026978490874171257,0.20904040336608887,0.02309975028038025,0.2573254406452179,0.016227426007390022,0.19676494598388672,0.02647951990365982,0.19841095805168152,0.019649382680654526,0.5941946506500244,0.038282785564661026,0.5442636013031006,0.02093634195625782
german,ind,0.4855000078678131,0.03192438557744026,0.8453083038330078,0.042277682572603226,0.023074224591255188,0.007820358499884605,0.03592732176184654,0.03126521781086922,0.4532621502876282,0.05828161910176277,0.4738428592681885,0.09000000357627869,0.5236635804176331,0.05668368190526962,0.49022984504699707,0.07393626868724823,0.5402677655220032,0.06763850897550583,0.6168267726898193,0.10298508405685425,0.01238244492560625,0.012051557190716267,0.007317072711884975,0.023138616234064102,0.4473498463630676,0.06717436015605927,0.3758561611175537,0.09083076566457748,0.23832181096076965,0.06292382627725601,0.1900818645954132,0.09625320136547089,0.05066030099987984,0.028194230049848557,0.0925898551940918,0.07169146090745926,0.7110178470611572,0.06100218743085861,0.7173282504081726,0.06268133968114853
default,ind,0.49355000257492065,0.012275408022105694,0.866571307182312,0.005475279409438372,0.01000641006976366,0.004033073782920837,0.009910374879837036,0.002192894695326686,0.4753766655921936,0.01804356835782528,0.48906007409095764,0.015937000513076782,0.5146169066429138,0.01890876144170761,0.5010295510292053,0.017252743244171143,0.5405715703964233,0.022108551114797592,0.5393540859222412,0.017090005800127983,0.004249352030456066,0.0025391082745045424,0.0033100363798439503,0.0010786571074277163,0.45517897605895996,0.022236736491322517,0.45733585953712463,0.01749020628631115,0.2731681764125824,0.018148863688111305,0.29461222887039185,0.020589817315340042,0.027911195531487465,0.011483083479106426,0.03552083298563957,0.008321421220898628,0.6989206075668335,0.022332897409796715,0.6698669195175171,0.022484784945845604
adult,ind,0.49547815322875977,0.00393969751894474,0.8786696195602417,0.005793571937829256,0.021600214764475822,0.004715887829661369,0.02222694456577301,0.0028937640599906445,0.4726514220237732,0.00561697781085968,0.47575679421424866,0.009609673172235489,0.5057483911514282,0.00450243940576911,0.5020163059234619,0.009189462289214134,0.5738834142684937,0.005402354057878256,0.5135688185691833,0.009904133155941963,0.00047476147301495075,0.0002732995490077883,0.004753439221531153,0.0013603565748780966,0.42564186453819275,0.005340964067727327,0.481677770614624,0.00933118723332882,0.24823227524757385,0.012807405553758144,0.17593875527381897,0.023886296898126602,0.06847170740365982,0.015480415895581245,0.16074413061141968,0.024468420073390007,0.6832959651947021,0.014689294621348381,0.663317084312439,0.038277532905340195
german,ind,0.4964999556541443,0.036136310547590256,0.8449128866195679,0.04558642953634262,0.02518482878804207,0.0092873964458704,0.03592732176184654,0.03126521781086922,0.46187108755111694,0.057772062718868256,0.48561447858810425,0.09159983694553375,0.5129441022872925,0.058008380234241486,0.4784582257270813,0.07555082440376282,0.5511893630027771,0.06737168878316879,0.6266438364982605,0.09617459028959274,0.01238244492560625,0.012051557190716267,0.007317072711884975,0.023138616234064102,0.4364282190799713,0.06706400960683823,0.36603909730911255,0.08676061034202576,0.24076084792613983,0.06567751616239548,0.20981431007385254,0.11360781639814377,0.057874202728271484,0.03085552714765072,0.0925898551940918,0.07169146090745926,0.7013649940490723,0.06807392835617065,0.6975957751274109,0.06269796192646027
adult,ind,0.5033720135688782,0.0042221699841320515,0.8789451718330383,0.006034826394170523,0.021861271932721138,0.005028760991990566,0.02232842706143856,0.002828128868713975,0.47412434220314026,0.0043744235299527645,0.49636244773864746,0.012243001721799374,0.5040143728256226,0.00515133049339056,0.48130908608436584,0.012409355491399765,0.5750635862350464,0.004434320610016584,0.535556972026825,0.012660038657486439,0.00047476147301495075,0.0002732995490077883,0.004829102195799351,0.0014262661570683122,0.42446160316467285,0.00434204051271081,0.4596138894557953,0.01217637863010168,0.2503494918346405,0.013137885369360447,0.18549124896526337,0.026427332311868668,0.06931690871715546,0.01641704887151718,0.16103148460388184,0.024033762514591217,0.6803335547447205,0.01892678625881672,0.6534772515296936,0.03950810059905052
bank,ind,0.5036047697067261,0.009280468337237835,0.9902715682983398,0.0010242810240015388,0.004799871705472469,0.0008281015907414258,0.0039794063195586205,0.0024988099467009306,0.49834299087524414,0.009986983612179756,0.5056270360946655,0.03635421395301819,0.49685707688331604,0.009929288178682327,0.4903934895992279,0.036835867911577225,0.5512422919273376,0.011074245907366276,0.6576806306838989,0.04010908678174019,0.0016047803219407797,0.0005266671068966389,0.0024234927259385586,0.0019316656980663538,0.44715291261672974,0.011127276346087456,0.3398958146572113,0.04075286537408829,0.012098031118512154,0.003329765982925892,0.11914145946502686,0.022749584168195724,0.03422791510820389,0.005103320349007845,0.008037211373448372,0.0050295996479690075,0.9536740183830261,0.005223327782005072,0.8728213310241699,0.02335314080119133
default,ind,0.5140500068664551,0.010800101794302464,0.8671577572822571,0.005488746799528599,0.010091880336403847,0.003936161752790213,0.010159778408706188,0.002045709639787674,0.49334532022476196,0.022858837619423866,0.5110505819320679,0.016550283879041672,0.49656280875205994,0.022133411839604378,0.47878965735435486,0.017280852422118187,0.5604972243309021,0.027837438508868217,0.5644764304161072,0.018521225079894066,0.004306201823055744,0.002437734743580222,0.0033100363798439503,0.0010786571074277163,0.43519654870033264,0.0265464186668396,0.4322134852409363,0.01894429512321949,0.28504565358161926,0.01825856603682041,0.3047260642051697,0.021632550284266472,0.02808331325650215,0.011403510347008705,0.036722782999277115,0.007769628893584013,0.6868710517883301,0.01981436274945736,0.6585511565208435,0.02140616625547409
german,ind,0.5145000219345093,0.03616705164313316,0.8421601057052612,0.04399624466896057,0.02518482878804207,0.0092873964458704,0.0408206507563591,0.030739346519112587,0.4777684211730957,0.050201162695884705,0.5027799010276794,0.08849829435348511,0.4970467984676361,0.05143657699227333,0.45639950037002563,0.07823017984628677,0.5678833723068237,0.05710509419441223,0.645317554473877,0.09618387371301651,0.01238244492560625,0.012051557190716267,0.007317072711884975,0.023138616234064102,0.4197341799736023,0.05821925029158592,0.3473653495311737,0.08730486780405045,0.25468650460243225,0.06223926320672035,0.2234506607055664,0.12367410212755203,0.057874202728271484,0.03085552714765072,0.10773313045501709,0.07285767048597336,0.6874393224716187,0.07018226385116577,0.6688162088394165,0.09007340669631958
compas,ind,0.5167014598846436,0.018479447811841965,0.6968148350715637,0.013103659264743328,0.13157203793525696,0.01879885606467724,0.13420698046684265,0.021289467811584473,0.374672532081604,0.04545866325497627,0.3874952495098114,0.011677742004394531,0.4937555193901062,0.04848294332623482,0.47829777002334595,0.028453171253204346,0.4554682672023773,0.05045713111758232,0.49361318349838257,0.02277483232319355,0.07574780285358429,0.018422797322273254,0.06213836744427681,0.01576964370906353,0.4687839448451996,0.04836636036634445,0.4442484378814697,0.033377502113580704,0.25776156783103943,0.05383655056357384,0.2684771716594696,0.02143760211765766,0.21183936297893524,0.024765750393271446,0.21489541232585907,0.031020622700452805,0.5303990244865417,0.06616266816854477,0.5166273713111877,0.03246060013771057
adult,ind,0.5192149877548218,0.019231300801038742,0.8750788569450378,0.012593063525855541,0.022089865058660507,0.005189144052565098,0.022464921697974205,0.00276693026535213,0.4873362183570862,0.029021041467785835,0.5171564817428589,0.009537681937217712,0.4905739724636078,0.02948528155684471,0.46037858724594116,0.010119125247001648,0.5867721438407898,0.023161491379141808,0.5568187236785889,0.00929079670459032,0.00047476147301495075,0.0002732995490077883,0.004944143816828728,0.0014729485847055912,0.4127531051635742,0.02327820099890232,0.43823710083961487,0.008709443733096123,0.26690393686294556,0.04290291666984558,0.20261767506599426,0.02424192801117897,0.07004665583372116,0.016891011968255043,0.1613188534975052,0.023626072332262993,0.6630493402481079,0.04535360261797905,0.6360634565353394,0.03776295855641365
bank,ind,0.5231460332870483,0.009052802808582783,0.9897295832633972,0.001292714150622487,0.004943144507706165,0.0008654948906041682,0.0039794063195586205,0.0024988099467009306,0.5178992748260498,0.009812544099986553,0.5230167508125305,0.03386440500617027,0.4771575927734375,0.009885992854833603,0.4730037748813629,0.03457881882786751,0.5727511048316956,0.010825076140463352,0.6764023900032043,0.03649461641907692,0.0016626635333523154,0.0005171340890228748,0.0024234927259385586,0.0019316656980663538,0.4255862236022949,0.010960090905427933,0.32117417454719543,0.037397921085357666,0.013694691471755505,0.004071719944477081,0.13285130262374878,0.025830058380961418,0.0351509153842926,0.0051958863623440266,0.008037211373448372,0.0050295996479690075,0.9511544108390808,0.0056933150626719,0.859111487865448,0.02562682144343853
compas,ind,0.5313848257064819,0.016698887571692467,0.6949928998947144,0.0148197952657938,0.1439853459596634,0.022881468757987022,0.1417255699634552,0.018460407853126526,0.373814195394516,0.03170877695083618,0.396084725856781,0.013240877538919449,0.4822004735469818,0.03977227210998535,0.4621897339820862,0.020011287182569504,0.4524567127227783,0.0415872223675251,0.5016571283340454,0.0249300729483366,0.08292780071496964,0.019417935982346535,0.06406981498003006,0.008959200233221054,0.4646155834197998,0.039054181426763535,0.4342730641365051,0.026875227689743042,0.26004770398139954,0.04733365401625633,0.27772602438926697,0.019162392243742943,0.23178592324256897,0.0314967967569828,0.2286345511674881,0.031054722145199776,0.5081663131713867,0.05849255621433258,0.49363940954208374,0.024687957018613815
default,ind,0.5315999984741211,0.013087606057524681,0.8668439984321594,0.005385767202824354,0.010300897993147373,0.004071032162755728,0.010243057273328304,0.002039050916209817,0.5224505066871643,0.014561941847205162,0.5206751823425293,0.021088669076561928,0.4672485888004303,0.015664851292967796,0.4690818190574646,0.021607911214232445,0.5932918787002563,0.018502583727240562,0.5748671293258667,0.02326359413564205,0.004306201823055744,0.002437734743580222,0.003344940487295389,0.0011273390846326947,0.40240198373794556,0.018084153532981873,0.42178788781166077,0.02375033311545849,0.30276355147361755,0.01499053556472063,0.31113216280937195,0.0215042382478714,0.028969695791602135,0.012101953849196434,0.03699976205825806,0.007642640266567469,0.668266773223877,0.01962667889893055,0.6518680453300476,0.02095869369804859
adult,ind,0.5344721078872681,0.025567373260855675,0.8697083592414856,0.013944953680038452,0.022368792444467545,0.0050958856008946896,0.02273583970963955,0.00278646731749177,0.5010396242141724,0.03490833565592766,0.5347577929496765,0.010563821531832218,0.4765915274620056,0.0331607386469841,0.4425063133239746,0.011585773900151253,0.5972187519073486,0.029041636735200882,0.575141191482544,0.010449884459376335,0.00047476147301495075,0.0002732995490077883,0.005097148008644581,0.0014638910070061684,0.402306467294693,0.02911948412656784,0.4197617173194885,0.009852800518274307,0.2878614068031311,0.048664502799510956,0.21447686851024628,0.019570764154195786,0.0709400624036789,0.016596408560872078,0.16249880194664001,0.023644547909498215,0.6411985158920288,0.044398389756679535,0.6230243444442749,0.03469037264585495
german,ind,0.5364999771118164,0.03837316483259201,0.8371692895889282,0.045706331729888916,0.026700327172875404,0.01066537480801344,0.04743677005171776,0.036075104027986526,0.4956890642642975,0.04992741346359253,0.5239141583442688,0.08696451038122177,0.47761064767837524,0.05060968175530434,0.42864903807640076,0.07911746948957443,0.5870052576065063,0.05860796570777893,0.668631374835968,0.0927092656493187,0.014506042003631592,0.014605495147407055,0.007317072711884975,0.023138616234064102,0.3984886407852173,0.0569055937230587,0.32405149936676025,0.08356622606515884,0.2702217698097229,0.057029370218515396,0.24103960394859314,0.13532127439975739,0.057874202728271484,0.03085552714765072,0.12833720445632935,0.09713586419820786,0.6719040274620056,0.07034943997859955,0.6306232213973999,0.10489308089017868
bank,ind,0.5441558361053467,0.010129387490451336,0.9889253377914429,0.0017536865780130029,0.00516496691852808,0.0009244332904927433,0.004153017420321703,0.002519878325983882,0.5385512113571167,0.010347574949264526,0.545809268951416,0.02797418087720871,0.4562838077545166,0.010493289679288864,0.4500376582145691,0.028103230521082878,0.5955027341842651,0.011381681077182293,0.6989995241165161,0.03171095997095108,0.0017493732739239931,0.0005608676583506167,0.0024234927259385586,0.0019316656980663538,0.40274786949157715,0.011592265218496323,0.2985770106315613,0.032509371638298035,0.01503706257790327,0.00452409265562892,0.1560235321521759,0.02361687645316124,0.03661717101931572,0.005532667972147465,0.008592766709625721,0.005031850654631853,0.9483457803726196,0.006076355930417776,0.8353837132453918,0.021112723276019096
default,ind,0.5543000102043152,0.009468868374824524,0.8666037321090698,0.005238946992903948,0.010551143437623978,0.004085530061274767,0.010463808663189411,0.002050689421594143,0.5438675284385681,0.015158568508923054,0.5438171625137329,0.01007195096462965,0.4455813467502594,0.0134905856102705,0.44571900367736816,0.010061273351311684,0.6170411705970764,0.018559306859970093,0.6004484295845032,0.008213726803660393,0.004361695609986782,0.0024474039673805237,0.0034495561849325895,0.0010685540037229657,0.3785971403121948,0.017195820808410645,0.39610201120376587,0.007903067395091057,0.31693750619888306,0.015899760648608208,0.3250449299812317,0.020867807790637016,0.02983514405786991,0.012176092714071274,0.037662066519260406,0.008076142519712448,0.6532273888587952,0.017027372494339943,0.6372930407524109,0.021040715277194977
compas,ind,0.5601948499679565,0.0246734656393528,0.6891458630561829,0.014194687828421593,0.1565674990415573,0.0273512564599514,0.16536438465118408,0.028379928320646286,0.3828234076499939,0.0356573611497879,0.4051792621612549,0.01658596098423004,0.4606090486049652,0.04684816673398018,0.42945632338523865,0.029908401891589165,0.46061864495277405,0.04704193025827408,0.51032555103302,0.027423759922385216,0.09290803968906403,0.022546859458088875,0.08103897422552109,0.019022485241293907,0.44647330045700073,0.04627843573689461,0.4086354374885559,0.029142284765839577,0.27040165662765503,0.044622860848903656,0.2873539328575134,0.019809117540717125,0.2479642629623413,0.036549728363752365,0.2595624029636383,0.04106287285685539,0.48163414001464844,0.06769435107707977,0.45308369398117065,0.04260845482349396
compas,ind,0.5611691474914551,0.02169136516749859,0.6864397525787354,0.014706265181303024,0.16762803494930267,0.023910854011774063,0.14704975485801697,0.016653383150696754,0.39941397309303284,0.043464284390211105,0.4107968211174011,0.02009783312678337,0.4329579770565033,0.05363277718424797,0.4421533942222595,0.02390214614570141,0.475496768951416,0.056288402527570724,0.5158500671386719,0.03064635396003723,0.10135648399591446,0.01908739097416401,0.06800863146781921,0.0100396191701293,0.42314672470092773,0.05232447758316994,0.4161413311958313,0.03386974334716797,0.28921017050743103,0.04956616833806038,0.2931133210659027,0.02147519215941429,0.26262131333351135,0.03459605202078819,0.23550935089588165,0.028314879164099693,0.4481685757637024,0.07224258780479431,0.47137731313705444,0.019158611074090004
german,ind,0.5615000128746033,0.03621310368180275,0.8289707899093628,0.044154271483421326,0.028877798467874527,0.013606373220682144,0.049436770379543304,0.037379804998636246,0.5190313458442688,0.04974914342164993,0.5468190908432007,0.0884777083992958,0.4520907998085022,0.046395204961299896,0.4037441313266754,0.07627664506435394,0.6119107604026794,0.05778144299983978,0.6828991174697876,0.09251832962036133,0.014506042003631592,0.014605495147407055,0.01044207252562046,0.024129625409841537,0.3735831677913666,0.053399764001369476,0.3066588044166565,0.08628898113965988,0.2900409400463104,0.058656226843595505,0.2772618234157562,0.13907185196876526,0.06602928787469864,0.04470495134592056,0.12833720445632935,0.09713586419820786,0.6439297795295715,0.0738806501030922,0.5944010019302368,0.08941107988357544
bank,ind,0.5643888711929321,0.00983070582151413,0.9880485534667969,0.0015730990562587976,0.00556940445676446,0.0010220687836408615,0.004153017420321703,0.002519878325983882,0.5581604242324829,0.01024406123906374,0.5689979195594788,0.03390679880976677,0.43627017736434937,0.010126341134309769,0.4268490672111511,0.03405468538403511,0.6170273423194885,0.01119394600391388,0.7223620414733887,0.037340156733989716,0.001850453787483275,0.0006161427590996027,0.0024234927259385586,0.0019316656980663538,0.3811222016811371,0.011278894729912281,0.27521446347236633,0.03805961459875107,0.0170130655169487,0.004977567121386528,0.17899709939956665,0.02640780620276928,0.039808567613363266,0.00598168233409524,0.008592766709625721,0.005031850654631853,0.9431783556938171,0.005591935943812132,0.8124101758003235,0.024742377921938896
default,ind,0.5722998976707458,0.013550722040235996,0.8665919303894043,0.005869193933904171,0.010634755715727806,0.004129608161747456,0.010519441217184067,0.0019935702439397573,0.5647295117378235,0.01096173096448183,0.559731125831604,0.017803192138671875,0.42463573813438416,0.012673362158238888,0.42974942922592163,0.018125640228390694,0.640367329120636,0.012208209373056889,0.6181962490081787,0.021484239026904106,0.004361695609986782,0.0024474039673805237,0.003484979271888733,0.0010382700711488724,0.35527095198631287,0.012311385944485664,0.3783186972141266,0.021660421043634415,0.33009690046310425,0.014401242136955261,0.33391672372817993,0.01888967491686344,0.030194208025932312,0.012597172521054745,0.037791602313518524,0.007945229299366474,0.6397088766098022,0.021185550838708878,0.6282917261123657,0.01876983419060707
adult,ind,0.5761858224868774,0.009013223461806774,0.8532370328903198,0.006490134168416262,0.022826150059700012,0.004980836994946003,0.023008137941360474,0.0028075810987502337,0.554580807685852,0.010570334270596504,0.5505843162536621,0.015765579417347908,0.42259302735328674,0.009223723784089088,0.4264076352119446,0.01640237495303154,0.6443634033203125,0.00954371690750122,0.5916956663131714,0.01583867147564888,0.0004984301049262285,0.0003242215607315302,0.005250088404864073,0.001451232354156673,0.3551381826400757,0.009488323703408241,0.4030541777610779,0.0156320221722126,0.35552558302879333,0.01707771234214306,0.22425563633441925,0.017475321888923645,0.07236450910568237,0.01634494960308075,0.16369986534118652,0.023883873596787453,0.5721099376678467,0.016183702275156975,0.6120445132255554,0.03301042318344116
german,ind,0.57750004529953,0.03645773604512215,0.826926052570343,0.04339885339140892,0.02964702807366848,0.014402534812688828,0.0505625382065773,0.03884682431817055,0.5361027717590332,0.054357435554265976,0.5562411546707153,0.0863843485713005,0.43425020575523376,0.04867749661207199,0.3931962847709656,0.07042596489191055,0.6288341283798218,0.061849404126405716,0.6942063570022583,0.08513934910297394,0.014506042003631592,0.014605495147407055,0.009817073121666908,0.023606041446328163,0.35665979981422424,0.0560891255736351,0.2959764897823334,0.07249219715595245,0.30836227536201477,0.06407368928194046,0.2818072736263275,0.1444963663816452,0.06846830993890762,0.042805783450603485,0.13288265466690063,0.09860559552907944,0.6231694221496582,0.07788243889808655,0.5853101015090942,0.10791733860969543
bank,ind,0.5838330388069153,0.01087872963398695,0.987160861492157,0.0015967931831255555,0.005921902135014534,0.0011804176028817892,0.004153017420321703,0.002519878325983882,0.5773100256919861,0.011210521683096886,0.5875669717788696,0.03434445708990097,0.41676807403564453,0.011136341840028763,0.40827998518943787,0.03478822112083435,0.6379837989807129,0.012228580191731453,0.7399855256080627,0.03805422782897949,0.001980744767934084,0.0006359581602737308,0.0024234927259385586,0.0019316656980663538,0.36003538966178894,0.0122964633628726,0.25759103894233704,0.03896594047546387,0.01954011432826519,0.005440564826130867,0.20001575350761414,0.02967994287610054,0.04221288114786148,0.007116221357136965,0.008592766709625721,0.005031850654631853,0.9382469058036804,0.006550439167767763,0.7913914918899536,0.02841438166797161
compas,ind,0.5887961983680725,0.02993774600327015,0.6813251376152039,0.013618448749184608,0.17381857335567474,0.020553719252347946,0.16194820404052734,0.026732295751571655,0.38860902190208435,0.037979964166879654,0.43941473960876465,0.0628228485584259,0.4375724196434021,0.04544329270720482,0.39863699674606323,0.05451382324099541,0.46598148345947266,0.048745397478342056,0.5446264743804932,0.07067098468542099,0.1069081574678421,0.018221303820610046,0.07835324108600616,0.018057605251669884,0.42711037397384644,0.048393554985523224,0.37702029943466187,0.0615377239882946,0.27681106328964233,0.04473240301012993,0.3214804530143738,0.05718556046485901,0.269768089056015,0.02886091358959675,0.2553252577781677,0.0384918749332428,0.45342087745666504,0.06022606045007706,0.4231943190097809,0.054858747869729996
german,ind,0.5925000309944153,0.03276599943637848,0.8245074152946472,0.04276196286082268,0.03258267045021057,0.014491145499050617,0.0505625382065773,0.03884682431817055,0.5454989671707153,0.055601801723241806,0.5759670734405518,0.09139923751354218,0.42191845178604126,0.04965074360370636,0.37347036600112915,0.07593567669391632,0.6380109786987305,0.06490813195705414,0.7170354127883911,0.09000504016876221,0.015526448376476765,0.014627980068325996,0.009817073121666908,0.023606041446328163,0.34646251797676086,0.05972864106297493,0.27314749360084534,0.08087863773107529,0.31818148493766785,0.07410743087530136,0.2964182496070862,0.1377737820148468,0.07561003416776657,0.03967525437474251,0.13288265466690063,0.09860559552907944,0.6062085032463074,0.0851118415594101,0.5706990957260132,0.0995369628071785
adult,ind,0.5964400172233582,0.008657000958919525,0.8509354591369629,0.005805143620818853,0.023368898779153824,0.004605056252330542,0.02375459298491478,0.002999271033331752,0.5755167603492737,0.01533594448119402,0.5675897598266602,0.018071109429001808,0.4011143743991852,0.012083389796316624,0.40865570306777954,0.01887008734047413,0.6667104959487915,0.017743539065122604,0.6095773577690125,0.018853764981031418,0.0005465070134960115,0.00029635033570230007,0.005937954410910606,0.001759562292136252,0.33274292945861816,0.017640264704823494,0.3844847083091736,0.018618810921907425,0.3733789920806885,0.01658639684319496,0.23453526198863983,0.0178445503115654,0.0740048885345459,0.01512516662478447,0.164922833442688,0.02372865192592144,0.5526161789894104,0.013105356134474277,0.6005419492721558,0.03381948545575142
default,ind,0.5979833006858826,0.008509060367941856,0.8666356801986694,0.005576449912041426,0.010760419070720673,0.004223441239446402,0.010685834102332592,0.0020683580078184605,0.5793425440788269,0.019729122519493103,0.5924957990646362,0.01024372223764658,0.40989699959754944,0.020442774519324303,0.3968183398246765,0.010893034748733044,0.6566344499588013,0.023463955149054527,0.6543588638305664,0.011702085845172405,0.004361695609986782,0.0024474039673805237,0.003589753760024905,0.001089594210498035,0.33900389075279236,0.0231877900660038,0.34205132722854614,0.01188038568943739,0.3395843207836151,0.017841501161456108,0.3535107970237732,0.018679354339838028,0.030720677226781845,0.013009071350097656,0.03820637986063957,0.00816114991903305,0.629694938659668,0.023359457030892372,0.6082828044891357,0.018383406102657318
bank,ind,0.6034833788871765,0.011191506870090961,0.9863549470901489,0.001729824231006205,0.006365600973367691,0.0012502942699939013,0.004320802632719278,0.002865451853722334,0.5965267419815063,0.01133573055267334,0.6071070432662964,0.034951914101839066,0.3971076011657715,0.011372099630534649,0.3885721266269684,0.03534749895334244,0.6589576005935669,0.012383999302983284,0.7589062452316284,0.039946336299180984,0.002038563834503293,0.0006185271195136011,0.0024234927259385586,0.0019316656980663538,0.33900386095046997,0.012516648508608341,0.2386702597141266,0.04075685143470764,0.022602412849664688,0.005329520907253027,0.22086846828460693,0.030773352831602097,0.0462179034948349,0.00846205186098814,0.009225678630173206,0.0066290986724197865,0.9311798214912415,0.007723295129835606,0.7699058651924133,0.028706351295113564
compas,ind,0.6053583025932312,0.028887666761875153,0.6804237961769104,0.013029217720031738,0.17988136410713196,0.02064906619489193,0.16620032489299774,0.032088156789541245,0.4332045018672943,0.052582189440727234,0.4349915087223053,0.016850903630256653,0.38691407442092896,0.0552106648683548,0.39880818128585815,0.035665690898895264,0.5092533826828003,0.05709774047136307,0.5416472554206848,0.02371589094400406,0.11080710589885712,0.018678389489650726,0.08047390729188919,0.020895320922136307,0.3799394965171814,0.053371306508779526,0.3778788447380066,0.027439700439572334,0.32331743836402893,0.06063849478960037,0.3155243992805481,0.019300077110528946,0.2788328528404236,0.02867441438138485,0.2619863450527191,0.04671790823340416,0.3978496789932251,0.07003258913755417,0.4224892556667328,0.05190860852599144
adult,ind,0.6130458116531372,0.012124618515372276,0.850813090801239,0.005116509273648262,0.02399125136435032,0.004390054848045111,0.02423236146569252,0.0033040461130440235,0.5868985056877136,0.014628726989030838,0.5932896137237549,0.01094775553792715,0.3891102373600006,0.013756073080003262,0.3824780285358429,0.012513114139437675,0.6800065636634827,0.016891006380319595,0.6351296901702881,0.009615459479391575,0.0005465070134960115,0.00029635033570230007,0.0062456498853862286,0.0016746801557019353,0.31944695115089417,0.01697949506342411,0.3586246967315674,0.009703272953629494,0.3804786205291748,0.015562460757791996,0.26165226101875305,0.02197868376970291,0.07601103186607361,0.01445175800472498,0.16673627495765686,0.024143559858202934,0.543510377407074,0.014514201320707798,0.5716114640235901,0.040783338248729706
compas,ind,0.613082766532898,0.049037374556064606,0.6789389848709106,0.012972920201718807,0.17861483991146088,0.02088521607220173,0.1653670072555542,0.03081424906849861,0.39481648802757263,0.02962275967001915,0.46675625443458557,0.07450840622186661,0.4265686571598053,0.03985069319605827,0.36787670850753784,0.07948165386915207,0.4705410897731781,0.042616695165634155,0.5772558450698853,0.07849773019552231,0.11044080555438995,0.018892692402005196,0.07989294826984406,0.020034655928611755,0.41901811957359314,0.04338018223643303,0.34285128116607666,0.08121009916067123,0.28578850626945496,0.039317820221185684,0.3429928123950958,0.07079629600048065,0.2763321101665497,0.028496483340859413,0.26084771752357483,0.04489918798208237,0.43787938356399536,0.052498891949653625,0.39615947008132935,0.0811491310596466
german,ind,0.6140000224113464,0.030349813401699066,0.8184040188789368,0.039809904992580414,0.03619115427136421,0.016838103532791138,0.05256253480911255,0.03988759219646454,0.5617537498474121,0.05816428363323212,0.6009823679924011,0.09810300916433334,0.40205511450767517,0.04863857850432396,0.34645503759384155,0.08419159054756165,0.6553438305854797,0.0754619613289833,0.7396073341369629,0.09500012546777725,0.017557376995682716,0.015934929251670837,0.012942072935402393,0.02422245405614376,0.3270988166332245,0.06922312080860138,0.2474505603313446,0.0901239663362503,0.3331514894962311,0.06894341856241226,0.32449233531951904,0.15004464983940125,0.0834292620420456,0.04371105134487152,0.13288265466690063,0.09860559552907944,0.5834192633628845,0.07970134168863297,0.5426250100135803,0.11130484938621521
default,ind,0.6177499890327454,0.008279928006231785,0.8659482002258301,0.005326916929334402,0.01113893836736679,0.004112741444259882,0.010962088592350483,0.0021383916027843952,0.6006513237953186,0.018326008692383766,0.6108355522155762,0.008915319107472897,0.3882097601890564,0.018142282962799072,0.378202348947525,0.009920839220285416,0.6803256869316101,0.022550713270902634,0.6739106178283691,0.009268086403608322,0.004417593125253916,0.0023702543694525957,0.0036251519341021776,0.0010677676182240248,0.3152567744255066,0.022053301334381104,0.3224642276763916,0.009353806264698505,0.35352903604507446,0.014162423089146614,0.3671574890613556,0.018932264298200607,0.03211954981088638,0.013161343522369862,0.03942996263504028,0.008609835058450699,0.6143514513969421,0.018753955140709877,0.5934125781059265,0.020011136308312416
bank,ind,0.6224299669265747,0.01143664214760065,0.9850858449935913,0.0016234720824286342,0.006717683281749487,0.0012467337073758245,0.004320802632719278,0.002865451853722334,0.6149088144302368,0.011546998284757137,0.62871915102005,0.0267964955419302,0.37837350368499756,0.011472278274595737,0.3669601082801819,0.027098095044493675,0.6788150072097778,0.0125723360106349,0.7794596552848816,0.03377707302570343,0.002183087868615985,0.0006139822071418166,0.0024234927259385586,0.0019316656980663538,0.31900185346603394,0.012611274607479572,0.21811683475971222,0.03459411859512329,0.027381112799048424,0.0044511728920042515,0.24525086581707,0.02692488767206669,0.04847326874732971,0.008673966862261295,0.009225678630173206,0.0066290986724197865,0.9241455793380737,0.007076968438923359,0.7455235123634338,0.023984109982848167
german,ind,0.6319999694824219,0.027304865419864655,0.8171117901802063,0.03466092795133591,0.03914354369044304,0.019458381459116936,0.055455856025218964,0.041091639548540115,0.5737646222114563,0.0550406351685524,0.6229144334793091,0.09765300154685974,0.38709187507629395,0.04179754853248596,0.32162976264953613,0.08376444876194,0.6704777479171753,0.07684515416622162,0.7635714411735535,0.10112044215202332,0.019528251141309738,0.016154278069734573,0.012317072600126266,0.023774059489369392,0.30999404191970825,0.06745561957359314,0.22411152720451355,0.091522216796875,0.3382932245731354,0.0651455745100975,0.3430701792240143,0.14002375304698944,0.0893116146326065,0.051999691873788834,0.14348047971725464,0.10274814069271088,0.5723952054977417,0.08002237230539322,0.5134493112564087,0.11084955185651779
default,ind,0.6326333284378052,0.0072583709843456745,0.8652960658073425,0.005281273275613785,0.011475634761154652,0.004094906151294708,0.01101752370595932,0.0021775232162326574,0.6255922317504883,0.011152071878314018,0.6187900900840759,0.012236268259584904,0.36293214559555054,0.010620897635817528,0.37019234895706177,0.01247318647801876,0.7079969644546509,0.013215791434049606,0.6823417544364929,0.010626915842294693,0.004584618844091892,0.002356264740228653,0.0036945627070963383,0.0010925631504505873,0.2874184548854828,0.012269330210983753,0.3139636814594269,0.010479441843926907,0.36977216601371765,0.014580138958990574,0.373335599899292,0.022967638447880745,0.0329987034201622,0.013033716939389706,0.03942996263504028,0.008609835058450699,0.5972291231155396,0.01704295538365841,0.5872344970703125,0.022978711873292923
compas,ind,0.6327766180038452,0.05649668350815773,0.6740006804466248,0.01067422702908516,0.20055916905403137,0.07169880717992783,0.1666143387556076,0.03221481293439865,0.446172297000885,0.06611836701631546,0.45933976769447327,0.0576004721224308,0.3532685339450836,0.11482460796833038,0.3740459084510803,0.05942784249782562,0.5236579775810242,0.08068031817674637,0.5650434494018555,0.06292989104986191,0.12808382511138916,0.06211431324481964,0.08086510002613068,0.02102907933294773,0.3482581675052643,0.11991851031780243,0.35409149527549744,0.058893267065286636,0.33423513174057007,0.058888278901576996,0.3409402668476105,0.05305838957428932,0.304476797580719,0.08744855225086212,0.26243385672569275,0.04692680388689041,0.36128807067871094,0.1140650287270546,0.3966258764266968,0.06738178431987762
compas,ind,0.6331245303153992,0.04998483136296272,0.6765912771224976,0.01157667487859726,0.17946410179138184,0.02051670104265213,0.1656770259141922,0.03133013844490051,0.44444626569747925,0.05614864081144333,0.4708983302116394,0.07223188877105713,0.37608960270881653,0.06600432097911835,0.3634246289730072,0.07905416190624237,0.5214136242866516,0.061318159103393555,0.5818098783493042,0.07539244741201401,0.11044080555438995,0.018892692402005196,0.08008342236280441,0.020304599776864052,0.3681456446647644,0.06211411952972412,0.3381066918373108,0.07897118479013443,0.3334265351295471,0.06570029258728027,0.34669071435928345,0.06937368959188461,0.2783677577972412,0.028286101296544075,0.26131367683410645,0.04578151926398277,0.38820570707321167,0.0809204950928688,0.3919956088066101,0.08219495415687561
adult,ind,0.6371475458145142,0.007452644873410463,0.8485272526741028,0.005888882093131542,0.025087332352995872,0.004039684310555458,0.026244129985570908,0.0041657364927232265,0.6132793426513672,0.00885931495577097,0.6083704233169556,0.011174441315233707,0.3616332709789276,0.006966417655348778,0.365385502576828,0.01287585124373436,0.7110872864723206,0.00865010917186737,0.6474888920783997,0.00972250010818243,0.0005465070134960115,0.00029635033570230007,0.007511410862207413,0.0022173342294991016,0.28836625814437866,0.008596128784120083,0.3449997007846832,0.009940698742866516,0.39645248651504517,0.015101401135325432,0.2980409264564514,0.031076865270733833,0.07954259216785431,0.013354664668440819,0.17480435967445374,0.027551403269171715,0.5240048170089722,0.012909037992358208,0.5271547436714172,0.041614942252635956
compas,ind,0.6408489942550659,0.06870579719543457,0.6743553876876831,0.011856119148433208,0.18009322881698608,0.02046823687851429,0.16651281714439392,0.03247131034731865,0.4514627456665039,0.06473442167043686,0.4784711003303528,0.0878482535481453,0.36844402551651,0.06515678763389587,0.3550160527229309,0.09883878380060196,0.5289732217788696,0.07289140671491623,0.5858052968978882,0.09672779589891434,0.11080710589885712,0.018678389489650726,0.08067390322685242,0.021216437220573425,0.3602195978164673,0.07182074338197708,0.3335208296775818,0.10044950246810913,0.33945196866989136,0.06508253514766693,0.3581348657608032,0.07671041786670685,0.2793430685997009,0.028349673375487328,0.26242536306381226,0.04725177586078644,0.3812049329280853,0.06972716003656387,0.3794397711753845,0.10133766382932663
bank,ind,0.6429057121276855,0.011543145403265953,0.9842025637626648,0.001736195175908506,0.007108991499990225,0.0012028977507725358,0.004665646702051163,0.0028441534377634525,0.6349085569381714,0.011096692644059658,0.6499074101448059,0.027064582332968712,0.35798245668411255,0.01108739897608757,0.3454269766807556,0.027541717514395714,0.7006268501281738,0.012018682435154915,0.799411416053772,0.03385346382856369,0.0022841955069452524,0.0006579339969903231,0.0024234927259385586,0.0019316656980663538,0.29708898067474365,0.012036267668008804,0.19816502928733826,0.03467004746198654,0.03072630986571312,0.005372385028749704,0.26960045099258423,0.02807013690471649,0.05151720717549324,0.008004753850400448,0.010439128614962101,0.007000401150435209,0.9177564382553101,0.007405260112136602,0.7199603319168091,0.025349002331495285
default,ind,0.6447166204452515,0.008474009111523628,0.8644613027572632,0.005280691664665937,0.011475634761154652,0.004094906151294708,0.011045637540519238,0.0022145563270896673,0.6457055807113647,0.010764654725790024,0.6255584359169006,0.014585345983505249,0.3428187966346741,0.0112674031406641,0.3633959889411926,0.014073594473302364,0.7291213870048523,0.014331603422760963,0.6898010969161987,0.013361355289816856,0.004584618844091892,0.002356264740228653,0.003729466814547777,0.0011629618238657713,0.2662939429283142,0.013795405626296997,0.3064693808555603,0.01349646970629692,0.3867242932319641,0.013519140891730785,0.3775167167186737,0.024903973564505577,0.0329987034201622,0.013033716939389706,0.03942996263504028,0.008609835058450699,0.5802770853042603,0.018518516793847084,0.5830534100532532,0.023741215467453003
compas,ind,0.645233154296875,0.0751650333404541,0.674289882183075,0.011576144956052303,0.20291943848133087,0.069968082010746,0.1666143387556076,0.03221481293439865,0.48342013359069824,0.07839326560497284,0.45857366919517517,0.07588548958301544,0.3136604428291321,0.11443739384412766,0.3748120069503784,0.09469222277402878,0.5636073350906372,0.09369295835494995,0.5655376315116882,0.08389077335596085,0.13016843795776367,0.060813672840595245,0.08086510002613068,0.02102907933294773,0.30622419714927673,0.12099676579236984,0.3535973131656647,0.0928679034113884,0.3673577308654785,0.06287943571805954,0.33866584300994873,0.0670400857925415,0.307214617729187,0.0857371985912323,0.26243385672569275,0.04692680388689041,0.32542771100997925,0.1095316931605339,0.3989003300666809,0.10101205855607986
adult,ind,0.6577777862548828,0.005965191405266523,0.8445798754692078,0.004959192592650652,0.027278054505586624,0.004161330871284008,0.027881884947419167,0.0050095729529857635,0.6313323378562927,0.008565347641706467,0.628167986869812,0.006323131732642651,0.341389536857605,0.007244048174470663,0.343950092792511,0.008322915062308311,0.7294473648071289,0.008220091462135315,0.6640218496322632,0.007553237956017256,0.0006181653589010239,0.00033937962143681943,0.008814891800284386,0.0030246565584093332,0.2699344754219055,0.0080946646630764,0.3271632790565491,0.00795282144099474,0.4138129651546478,0.013923787511885166,0.3438262343406677,0.018686598166823387,0.0864434689283371,0.013748569414019585,0.17908801138401031,0.02862030453979969,0.4997435510158539,0.013158037327229977,0.47708576917648315,0.025839660316705704
german,ind,0.6585000157356262,0.03240799903869629,0.81219083070755,0.02852114662528038,0.046176038682460785,0.025047127157449722,0.060384638607501984,0.041513849049806595,0.5960565805435181,0.05345563217997551,0.636728048324585,0.10465075820684433,0.3577674627304077,0.044829752296209335,0.3028873801231384,0.08399967104196548,0.6935293674468994,0.07014854997396469,0.778822660446167,0.10479260981082916,0.024396564811468124,0.01644326001405716,0.014490986242890358,0.02351514622569084,0.2820740342140198,0.0578121617436409,0.20668640732765198,0.08936401456594467,0.35957881808280945,0.06992028653621674,0.3551103472709656,0.14801813662052155,0.10084154456853867,0.06636030972003937,0.15643593668937683,0.10140519589185715,0.5395796298980713,0.10506682097911835,0.4884537160396576,0.10606667399406433
bank,ind,0.6625804305076599,0.011147175915539265,0.9830816388130188,0.0015557793667539954,0.007395879831165075,0.0012156699085608125,0.00518923532217741,0.002458450384438038,0.6542719602584839,0.010433216579258442,0.6694124341011047,0.029170578345656395,0.3383322060108185,0.010341973043978214,0.3253982663154602,0.02931591309607029,0.7214888334274292,0.011053272522985935,0.8173519968986511,0.03468359261751175,0.002385393250733614,0.0006829631165601313,0.0024234927259385586,0.0019316656980663538,0.27612581849098206,0.011049188673496246,0.1802244931459427,0.03561583161354065,0.03632856160402298,0.005338592454791069,0.29302600026130676,0.0308094285428524,0.05351639539003372,0.008201839402318,0.01222535502165556,0.006329130381345749,0.9101551175117493,0.007475010585039854,0.6947486400604248,0.028479136526584625
default,ind,0.6711499691009521,0.017244160175323486,0.8640952110290527,0.0054443650878965855,0.011600950732827187,0.00408356124535203,0.011155778542160988,0.002228517085313797,0.6624628305435181,0.010023859329521656,0.6580429673194885,0.023697994649410248,0.32593628764152527,0.01118107233196497,0.33080124855041504,0.024881016463041306,0.7472163438796997,0.013173789717257023,0.7253770232200623,0.027591416612267494,0.004584618844091892,0.002356264740228653,0.003764407243579626,0.0012062046444043517,0.24819906055927277,0.012645228765904903,0.2708585560321808,0.027988329529762268,0.39936763048171997,0.016855401918292046,0.39803850650787354,0.01750252954661846,0.033526498824357986,0.0130115682259202,0.03982976824045181,0.008542506024241447,0.5671058893203735,0.02056802436709404,0.5621317625045776,0.020096784457564354
compas,ind,0.67279052734375,0.02530181221663952,0.6709300875663757,0.011606176383793354,0.19630268216133118,0.015639271587133408,0.1921512484550476,0.03064051829278469,0.5594234466552734,0.021865054965019226,0.43944233655929565,0.022653575986623764,0.2442738562822342,0.01818035915493965,0.36840641498565674,0.04361513629555702,0.640285074710846,0.0259475726634264,0.5447757840156555,0.02657940424978733,0.1268811970949173,0.021602069959044456,0.09981360286474228,0.018536824733018875,0.23283374309539795,0.022793853655457497,0.35541072487831116,0.035883281379938126,0.44237250089645386,0.03096972219645977,0.321471244096756,0.02609909325838089,0.29601746797561646,0.017752384766936302,0.29534411430358887,0.046079300343990326,0.2616099715232849,0.03284072130918503,0.38318464159965515,0.0579131580889225
adult,ind,0.6739524602890015,0.0059147244319319725,0.841987133026123,0.0047611091285943985,0.02865411713719368,0.003856231225654483,0.029483750462532043,0.005410093814134598,0.6501293778419495,0.00874759815633297,0.6344646215438843,0.01048632524907589,0.32121652364730835,0.00732582900673151,0.3360516130924225,0.014234984293580055,0.7489815354347229,0.008962472900748253,0.6702324748039246,0.011841620318591595,0.0006418788689188659,0.0003882111341226846,0.010157743468880653,0.0035883330274373293,0.2503765821456909,0.008844676427543163,0.3196098208427429,0.013489708304405212,0.4309832453727722,0.01460589375346899,0.35097023844718933,0.016312163323163986,0.09081456810235977,0.012701716274023056,0.18279340863227844,0.02915196307003498,0.4782021641731262,0.012037890031933784,0.46623629331588745,0.02826099470257759
german,ind,0.6740000247955322,0.032128218561410904,0.8098726272583008,0.02770562842488289,0.05123019218444824,0.026534121483564377,0.06238463521003723,0.04197249189019203,0.604472279548645,0.051019471138715744,0.6552761197090149,0.10173948854207993,0.34429749846458435,0.04298173636198044,0.2823393642902374,0.08473873883485794,0.7026529908180237,0.06992693245410919,0.7964261770248413,0.09861265122890472,0.025376956909894943,0.01641826704144478,0.01761598512530327,0.0234517902135849,0.2719699740409851,0.057421453297138214,0.1859579086303711,0.0863146036863327,0.3668958842754364,0.0678299069404602,0.377449095249176,0.1566251665353775,0.11624152958393097,0.0678524598479271,0.15643593668937683,0.10140519589185715,0.5168625712394714,0.10269522666931152,0.46611493825912476,0.11861860007047653
compas,ind,0.6752261519432068,0.062166593968868256,0.6717112064361572,0.014364812523126602,0.21121549606323242,0.06633463501930237,0.18349936604499817,0.02877514250576496,0.5311470031738281,0.051065780222415924,0.45892420411109924,0.07367103546857834,0.2576374113559723,0.08379463851451874,0.357576459646225,0.08305463939905167,0.6146656274795532,0.05563867837190628,0.5669980049133301,0.07731460779905319,0.1388024538755417,0.059647366404533386,0.09335294365882874,0.019733352586627007,0.2465318739414215,0.08760319650173187,0.33964914083480835,0.07819054275751114,0.40976887941360474,0.048638179898262024,0.3380669951438904,0.07341554760932922,0.3149718642234802,0.08084986358880997,0.2841624617576599,0.04178432747721672,0.27525925636291504,0.08499026298522949,0.3777705132961273,0.09157834202051163
bank,ind,0.6814783811569214,0.011038290336728096,0.9818416833877563,0.0014677405124530196,0.007878405041992664,0.0014117526588961482,0.005378629080951214,0.0024109920486807823,0.672681450843811,0.010121150873601437,0.6882918477058411,0.02796536311507225,0.31944015622138977,0.01030792761594057,0.30632951855659485,0.027961110696196556,0.7412621974945068,0.010488295927643776,0.8323744535446167,0.02990112453699112,0.00247195758856833,0.0007685163291171193,0.0024234927259385586,0.0019316656980663538,0.2562658190727234,0.010486061684787273,0.16520211100578308,0.03075733780860901,0.0421966016292572,0.005236898548901081,0.3219545781612396,0.034605611115694046,0.057653509080410004,0.01033681072294712,0.012870515696704388,0.00599520280957222,0.900149941444397,0.010533523745834827,0.6651749610900879,0.032560110092163086
german,ind,0.6929999589920044,0.03757954761385918,0.8095461130142212,0.0289636068046093,0.055425096303224564,0.025213120505213737,0.060384638607501984,0.041513849049806595,0.626083254814148,0.05568438395857811,0.6600379943847656,0.10096687823534012,0.3184916377067566,0.048326488584280014,0.27957743406295776,0.08453395217657089,0.7265182733535767,0.06921108067035675,0.7988651990890503,0.09575369954109192,0.026294389739632607,0.016237223520874977,0.014490986242890358,0.02351514622569084,0.2471873015165329,0.05747399106621742,0.18664388358592987,0.08166944235563278,0.3823680281639099,0.08156951516866684,0.3865399956703186,0.16683423519134521,0.12826129794120789,0.0629216730594635,0.15643593668937683,0.10140519589185715,0.4893706738948822,0.10748355090618134,0.4570240378379822,0.13373617827892303
compas,ind,0.6978427171707153,0.05118469148874283,0.6677884459495544,0.0120021291077137,0.2220432460308075,0.06555193662643433,0.18992343544960022,0.03299880027770996,0.5752321481704712,0.020642856135964394,0.4585934579372406,0.05326426029205322,0.2027246654033661,0.06305743008852005,0.3514830768108368,0.07338524609804153,0.6549776196479797,0.02555801160633564,0.5674135088920593,0.05552951991558075,0.14760556817054749,0.05850237235426903,0.09794298559427261,0.022320492193102837,0.19741684198379517,0.0626102015376091,0.33464354276657104,0.06795312464237213,0.4595288336277008,0.030721109360456467,0.33675509691238403,0.05339911952614784,0.3288602828979492,0.07918411493301392,0.2927401065826416,0.04763286933302879,0.21161091327667236,0.07027441263198853,0.37050479650497437,0.08349025249481201
adult,ind,0.6978662610054016,0.008922749198973179,0.8391267657279968,0.004330794792622328,0.02937367558479309,0.0037937716115266085,0.03006022237241268,0.005324401892721653,0.6704469919204712,0.00845774170011282,0.6637938022613525,0.017589587718248367,0.30017930269241333,0.006724145729094744,0.3061460256576538,0.017040567472577095,0.7680437564849854,0.008664606139063835,0.7005866765975952,0.019011996686458588,0.0006898067076690495,0.0003955337160732597,0.010578320361673832,0.00351617275737226,0.23126642405986786,0.008512992411851883,0.2888350188732147,0.0179413091391325,0.4540853500366211,0.01366844680160284,0.3722492456436157,0.025433123111724854,0.09302299469709396,0.01260840892791748,0.18462273478507996,0.029270844534039497,0.45289164781570435,0.010083382949233055,0.4431280195713043,0.025464506819844246
default,ind,0.6995166540145874,0.006713477894663811,0.8633655309677124,0.0047359648160636425,0.01181133184581995,0.004032147116959095,0.011514325626194477,0.0024011132773011923,0.6866070032119751,0.008965006098151207,0.6887834072113037,0.009663513861596584,0.3015817403793335,0.010476517491042614,0.29970216751098633,0.010987255722284317,0.7725062370300293,0.01197510864585638,0.7593153715133667,0.010037597268819809,0.004584618844091892,0.002356264740228653,0.004008940886706114,0.0012673587771132588,0.22290916740894318,0.01208723895251751,0.23667573928833008,0.010352198034524918,0.4200276732444763,0.014498229138553143,0.4164499342441559,0.015637654811143875,0.03438844904303551,0.012985965237021446,0.04063568264245987,0.009372773580253124,0.5455838441848755,0.017344504594802856,0.5429143309593201,0.017940854653716087
bank,ind,0.7014079689979553,0.01153931487351656,0.9804180264472961,0.001411450793966651,0.008308758959174156,0.0014936710940673947,0.005378629080951214,0.0024109920486807823,0.6926015615463257,0.010550718754529953,0.7025784254074097,0.027985267341136932,0.29908958077430725,0.010771877132356167,0.29204291105270386,0.028007442131638527,0.76224684715271,0.010851441882550716,0.844610869884491,0.027486136183142662,0.0025440999306738377,0.0008554459200240672,0.0024234927259385586,0.0019316656980663538,0.23520907759666443,0.010883677750825882,0.15296564996242523,0.028363626450300217,0.0522763729095459,0.004873863887041807,0.34120509028434753,0.03755716234445572,0.06137005612254143,0.011108593083918095,0.012870515696704388,0.00599520280957222,0.8863534927368164,0.010329929180443287,0.64592444896698,0.03495658189058304
compas,ind,0.7072373032569885,0.048956163227558136,0.6668702960014343,0.011643994599580765,0.20386889576911926,0.023752449080348015,0.20668628811836243,0.011837850324809551,0.5855323076248169,0.024570506066083908,0.45927873253822327,0.0741271898150444,0.21059882640838623,0.02067328803241253,0.3340349793434143,0.07603451609611511,0.6656067967414856,0.027588747441768646,0.5649626851081848,0.07746729254722595,0.13241441547870636,0.026030853390693665,0.10983492434024811,0.009894066490232944,0.20197880268096924,0.02114502154290676,0.32520249485969543,0.07994216680526733,0.46967387199401855,0.03531140089035034,0.34088435769081116,0.06997610628604889,0.3063909709453583,0.02873581275343895,0.31498464941978455,0.021381108090281487,0.22393515706062317,0.04000476375222206,0.3441310226917267,0.07415063679218292
default,ind,0.71833336353302,0.008831067942082882,0.8622241020202637,0.004958171863108873,0.01210595853626728,0.004358110949397087,0.011708131991326809,0.0022872481495141983,0.7052375674247742,0.009134799242019653,0.7073477506637573,0.01152501255273819,0.2826564311981201,0.009055367670953274,0.2809441089630127,0.012134969234466553,0.7922373414039612,0.011653069406747818,0.7788423299789429,0.010855624452233315,0.004695977084338665,0.002597313839942217,0.0041125803254544735,0.001195114804431796,0.20306678116321564,0.011342771351337433,0.21704506874084473,0.010986101813614368,0.43530648946762085,0.016546618193387985,0.4313103258609772,0.019177936017513275,0.03525443375110626,0.0133308544754982,0.041167814284563065,0.009060734882950783,0.5294390916824341,0.015093212015926838,0.5275218486785889,0.019939910620450974
german,ind,0.721500039100647,0.04466233402490616,0.8029996752738953,0.03349297121167183,0.06050040200352669,0.026554852724075317,0.07161614298820496,0.04797391593456268,0.6468885540962219,0.06139045208692551,0.6830357313156128,0.09781056642532349,0.2926110625267029,0.059773411601781845,0.24534817039966583,0.0605461411178112,0.7478607296943665,0.07134902477264404,0.8181153535842896,0.09274658560752869,0.031177502125501633,0.01678421162068844,0.019490985199809074,0.02794351428747177,0.2209617644548416,0.06201402097940445,0.16239365935325623,0.07409235835075378,0.4008164405822754,0.08949089050292969,0.41094741225242615,0.1645020991563797,0.13414366543293,0.06746018677949905,0.1779482662677765,0.11078289896249771,0.4650399088859558,0.11639221012592316,0.411104291677475,0.09634339809417725
bank,ind,0.7215560674667358,0.009671476669609547,0.9789143800735474,0.0015464168973267078,0.008713181130588055,0.0014408071292564273,0.006432347930967808,0.002896432066336274,0.7124450206756592,0.008824341930449009,0.7202720642089844,0.02655656449496746,0.2788417637348175,0.008905741386115551,0.27329564094543457,0.02639634534716606,0.7832252383232117,0.0089148273691535,0.8593394160270691,0.027953632175922394,0.0026885513216257095,0.0008838179637677968,0.0024234927259385586,0.0019316656980663538,0.2140861451625824,0.009000665508210659,0.1382371038198471,0.02875617705285549,0.061722707003355026,0.0063805473037064075,0.36654239892959595,0.035685811191797256,0.06417572498321533,0.010394813492894173,0.016431264579296112,0.008441494777798653,0.8741015195846558,0.009067023172974586,0.6170263290405273,0.03485909104347229
adult,ind,0.7241680026054382,0.012690034694969654,0.832331657409668,0.007530807517468929,0.030044177547097206,0.0036015429068356752,0.03125438466668129,0.00562544260174036,0.6956798434257507,0.018005628138780594,0.6896429657936096,0.011668306775391102,0.27427592873573303,0.017141440883278847,0.27910274267196655,0.011716228909790516,0.7870462536811829,0.011691536754369736,0.727257251739502,0.012783854268491268,0.0007609023596160114,0.000534102029632777,0.011538861319422722,0.003955363295972347,0.2121928632259369,0.01159131620079279,0.2612038850784302,0.012057876214385033,0.49315255880355835,0.03352159261703491,0.3914641737937927,0.029798302799463272,0.09501964598894119,0.011740874499082565,0.18759790062904358,0.028043998405337334,0.4118277132511139,0.03123309835791588,0.4209379255771637,0.028438957408070564
adult,ind,0.7317081689834595,0.00962301716208458,0.8331799507141113,0.008728856220841408,0.03048637881875038,0.0034585739485919476,0.031421959400177,0.005499161779880524,0.6968852281570435,0.017733165994286537,0.7093827128410339,0.009426889009773731,0.27262842655181885,0.015557661652565002,0.25919532775878906,0.010181286372244358,0.789359986782074,0.01129461731761694,0.7465227246284485,0.010554828681051731,0.0007848028908483684,0.0005372583400458097,0.011728399433195591,0.0038655828684568405,0.20985516905784607,0.01120828092098236,0.2417488843202591,0.010496115311980247,0.4917909502983093,0.035589005798101425,0.41498446464538574,0.02834911271929741,0.09639056771993637,0.01127698179334402,0.18769684433937073,0.027805354446172714,0.4118185043334961,0.02855980210006237,0.39731866121292114,0.024130769073963165
german,ind,0.7360000014305115,0.04569220170378685,0.7987593412399292,0.03190865367650986,0.06412666290998459,0.026937710121273994,0.07489655911922455,0.04763544723391533,0.6591416597366333,0.06054041162133217,0.6923267841339111,0.10396499186754227,0.2767317295074463,0.05965293571352959,0.2327767312526703,0.06963096559047699,0.7582417726516724,0.07019440829753876,0.8236793279647827,0.09310656785964966,0.03214837238192558,0.01754014380276203,0.021618645638227463,0.027091573923826218,0.20960989594459534,0.06167905777692795,0.15470197796821594,0.07808047533035278,0.41812437772750854,0.08233387023210526,0.42789897322654724,0.18158598244190216,0.14472870528697968,0.06642813980579376,0.184198260307312,0.1168939471244812,0.4371469020843506,0.1116638332605362,0.38790276646614075,0.10934893041849136
default,ind,0.7361832857131958,0.01104716770350933,0.8609343767166138,0.005570410750806332,0.012400388717651367,0.00438416562974453,0.011928846128284931,0.002238768618553877,0.7222565412521362,0.011937122792005539,0.7253367900848389,0.014974326826632023,0.26534304022789,0.012231660075485706,0.2627343535423279,0.015388425439596176,0.8099625706672668,0.01561180129647255,0.797508716583252,0.015027213841676712,0.004806571640074253,0.002724423771724105,0.004147978965193033,0.0011814292520284653,0.18523088097572327,0.015547476708889008,0.19834329187870026,0.015112903900444508,0.45006313920021057,0.019680507481098175,0.44659876823425293,0.019394706934690475,0.036109741777181625,0.01316882111132145,0.042090367525815964,0.008772654458880424,0.5138270854949951,0.01826828345656395,0.5113108158111572,0.01839314214885235
bank,ind,0.7416191697120667,0.007348842453211546,0.9765313863754272,0.0016785688931122422,0.00943034328520298,0.0013830912066623569,0.007303608115762472,0.0026315932627767324,0.7317299246788025,0.007312565576285124,0.7401756048202515,0.021264806389808655,0.25883975625038147,0.007389482110738754,0.2525208294391632,0.020587285980582237,0.8032471537590027,0.007100801449269056,0.8713656663894653,0.022087277844548225,0.0029921401292085648,0.000923385436180979,0.0024234927259385586,0.0019316656980663538,0.19376064836978912,0.007286344189196825,0.12621086835861206,0.02274475060403347,0.07423671334981918,0.01159607246518135,0.40585485100746155,0.0350867360830307,0.06869431585073471,0.00917182769626379,0.019593151286244392,0.008936410769820213,0.8570690155029297,0.010365624912083149,0.574552059173584,0.030712822452187538
german,ind,0.7515000104904175,0.04176986962556839,0.7987035512924194,0.031741686165332794,0.06935139745473862,0.028496118262410164,0.07650946080684662,0.05046776309609413,0.6721352338790894,0.049600958824157715,0.7008493542671204,0.10708090662956238,0.2585134208202362,0.050825923681259155,0.222641259431839,0.07079864293336868,0.7753304839134216,0.05522633716464043,0.8282923698425293,0.08983641117811203,0.034168779850006104,0.018407875671982765,0.021618645638227463,0.027091573923826218,0.19050073623657227,0.0436498187482357,0.15008902549743652,0.07336018234491348,0.4203971028327942,0.08578354865312576,0.44618916511535645,0.18971559405326843,0.15869396924972534,0.0656048059463501,0.1887437105178833,0.12338628619909286,0.42090892791748047,0.11654548346996307,0.36506718397140503,0.11529980599880219
adult,ind,0.7546821236610413,0.007484734524041414,0.8242442011833191,0.006071864627301693,0.031124522909522057,0.003441585460677743,0.03203418850898743,0.005862285383045673,0.7210662364959717,0.009651973843574524,0.727781355381012,0.00807905662804842,0.24780920147895813,0.010201060213148594,0.2401845008134842,0.009045460261404514,0.8039434552192688,0.007142362184822559,0.764530599117279,0.009326694533228874,0.0008322271751239896,0.0005036010406911373,0.012302045710384846,0.004093834199011326,0.195224329829216,0.007024457212537527,0.22316734492778778,0.009058014489710331,0.5372974872589111,0.019940687343478203,0.4366414546966553,0.02512338012456894,0.09834559261798859,0.011375908739864826,0.18861675262451172,0.02906830981373787,0.3643569350242615,0.022084584459662437,0.374741792678833,0.025930847972631454
default,ind,0.7601333856582642,0.007652886211872101,0.8595943450927734,0.005439233500510454,0.012610268779098988,0.0042210291139781475,0.012232590466737747,0.002172171138226986,0.7452419996261597,0.009230726398527622,0.7494693994522095,0.009460392408072948,0.24214772880077362,0.009558713994920254,0.23829802870750427,0.010416868142783642,0.8334673643112183,0.01374140102416277,0.8232995271682739,0.010212993249297142,0.004806571640074253,0.002724423771724105,0.004321997985243797,0.0010825947392731905,0.1617259681224823,0.014123438857495785,0.1723785251379013,0.010576707310974598,0.47137928009033203,0.018490402027964592,0.4644615650177002,0.01799442246556282,0.03698088601231575,0.012740792706608772,0.04290119931101799,0.008866180665791035,0.4916397035121918,0.015105419792234898,0.4926372468471527,0.016948778182268143
bank,ind,0.7616579532623291,0.008665005676448345,0.974254310131073,0.0017496875952929258,0.010447937063872814,0.0014725584769621491,0.008014579303562641,0.0030464502051472664,0.7509487867355347,0.008526470512151718,0.7568917870521545,0.022550519555807114,0.23860327899456024,0.00852350052446127,0.2350936383008957,0.021943625062704086,0.8228036165237427,0.00783050712198019,0.8855453729629517,0.021864736452698708,0.003296005306765437,0.0009273072355426848,0.002936088014394045,0.00252897827886045,0.17390038073062897,0.007820435799658298,0.11151854693889618,0.022417347878217697,0.09040041267871857,0.012346237897872925,0.4293917715549469,0.03514551743865013,0.07627183198928833,0.009980173781514168,0.020781617611646652,0.01021393109112978,0.8333277702331543,0.014412710443139076,0.5498266220092773,0.03050820343196392
german,ind,0.7649999856948853,0.041298363357782364,0.7987607717514038,0.032410528510808945,0.07003633677959442,0.02800247073173523,0.08202461898326874,0.04861214756965637,0.6844205856323242,0.046013183891773224,0.7112172842025757,0.10743803530931473,0.24554307758808136,0.05277951434254646,0.20675818622112274,0.07610048353672028,0.7902016043663025,0.047511518001556396,0.8406432271003723,0.08577787131071091,0.034168779850006104,0.018407875671982765,0.026917558163404465,0.024682071059942245,0.1756296008825302,0.0389426127076149,0.1324392408132553,0.075398288667202,0.4262794554233551,0.08260182291269302,0.4498928487300873,0.19479171931743622,0.1606939733028412,0.06459115445613861,0.19429926574230194,0.12353243678808212,0.4130265712738037,0.11784956604242325,0.35580793023109436,0.12384587526321411
adult,ind,0.7722940444946289,0.0028783909510821104,0.8198391199111938,0.004996500443667173,0.03163222596049309,0.0033141279127448797,0.03291768580675125,0.005864712875336409,0.7438405752182007,0.0059480685740709305,0.7327367067337036,0.0061989095993340015,0.22452720999717712,0.005375546403229237,0.2343457192182541,0.0085910614579916,0.8236014246940613,0.005650117993354797,0.7697106003761292,0.006647172383964062,0.0008793928427621722,0.0005370902945287526,0.012723708525300026,0.004071223549544811,0.1755191832780838,0.005639518611133099,0.217565655708313,0.007260806858539581,0.566972553730011,0.013551493175327778,0.4397061765193939,0.023175055161118507,0.09987479448318481,0.010963484644889832,0.19301573932170868,0.028321681544184685,0.3331525921821594,0.010008906945586205,0.367278128862381,0.027989495545625687
default,ind,0.7811332941055298,0.007641986478120089,0.8581732511520386,0.005007154308259487,0.01303007174283266,0.0040449281223118305,0.01245269738137722,0.002144043566659093,0.7648736238479614,0.006344430148601532,0.7708619832992554,0.009158586151897907,0.22209639847278595,0.007735815364867449,0.21668533980846405,0.00982082262635231,0.8539724349975586,0.010414524003863335,0.8452414274215698,0.00922545325011015,0.004863421898335218,0.0026440902147442102,0.004356683697551489,0.0011068909661844373,0.14116418361663818,0.010895267128944397,0.15040186047554016,0.009379529394209385,0.48823413252830505,0.017167914658784866,0.4837234616279602,0.01616606116294861,0.03854653611779213,0.012289097532629967,0.0438183955848217,0.008808603510260582,0.4732193052768707,0.013395186513662338,0.4724581837654114,0.01591544970870018
bank,ind,0.7819031476974487,0.006814130581915379,0.9712553024291992,0.002231687307357788,0.01160881482064724,0.0015524672344326973,0.008360003121197224,0.003102413145825267,0.7701684236526489,0.006830833852291107,0.7749830484390259,0.022595593705773354,0.21822278201580048,0.006683754734694958,0.21665696799755096,0.02144334651529789,0.8418175578117371,0.006120544392615557,0.8996989130973816,0.019940216094255447,0.0037154420278966427,0.0010314029641449451,0.003418015781790018,0.002855603815987706,0.15446706116199493,0.006041470915079117,0.0968831330537796,0.01940670609474182,0.1115359291434288,0.014963021501898766,0.45753297209739685,0.04254523292183876,0.0842541754245758,0.009839581325650215,0.020781617611646652,0.01021393109112978,0.8042098879814148,0.01508412417024374,0.5216854214668274,0.03828395903110504
german,ind,0.7900000214576721,0.05005552992224693,0.7948447465896606,0.03134062513709068,0.07790380716323853,0.033422574400901794,0.09213680028915405,0.05320700630545616,0.7043889760971069,0.04802057147026062,0.7194695472717285,0.10585618019104004,0.21770718693733215,0.0569203719496727,0.1883937418460846,0.081524558365345,0.810423731803894,0.052253611385822296,0.8455821871757507,0.08546541631221771,0.038057081401348114,0.022772591561079025,0.029417559504508972,0.028283217921853065,0.15151913464069366,0.03974071517586708,0.1250002086162567,0.07450663298368454,0.447298139333725,0.08308951556682587,0.46352919936180115,0.19755007326602936,0.17816612124443054,0.0759466141462326,0.2223970890045166,0.14656662940979004,0.37453576922416687,0.13076546788215637,0.31407374143600464,0.14236462116241455
adult,ind,0.7966058254241943,0.00739502627402544,0.8190145492553711,0.005073769483715296,0.032205622643232346,0.0033281822688877583,0.03393656760454178,0.005822758190333843,0.7654066681861877,0.00842891912907362,0.7606021761894226,0.014618126675486565,0.202387735247612,0.007503728847950697,0.20546123385429382,0.014759939163923264,0.8460589647293091,0.0092196986079216,0.7988059520721436,0.015127499587833881,0.0010459048207849264,0.000539179949555546,0.013333422131836414,0.004091660492122173,0.15289528667926788,0.009180539287626743,0.1878606230020523,0.014869201928377151,0.5865846872329712,0.013583925552666187,0.45764726400375366,0.023955542594194412,0.10135491192340851,0.01091728638857603,0.19736599922180176,0.028706097975373268,0.3120604157447815,0.008519293740391731,0.3449867069721222,0.020657800137996674
bank,ind,0.8019176721572876,0.005993233993649483,0.9677979350090027,0.0020836847834289074,0.01297839917242527,0.001740543288178742,0.009275829419493675,0.003380675334483385,0.788916289806366,0.006155854091048241,0.7928173542022705,0.02133244462311268,0.1981053203344345,0.0056247226893901825,0.1979067623615265,0.02024260349571705,0.8598440289497375,0.005153074860572815,0.9119922518730164,0.017518406733870506,0.0041783759370446205,0.001109425094909966,0.003930610604584217,0.0035512936301529408,0.13597765564918518,0.00496258120983839,0.08407716453075409,0.016592001542448997,0.13696739077568054,0.016958532854914665,0.48928141593933105,0.04070752486586571,0.09395939111709595,0.012069075368344784,0.022740641608834267,0.009462663903832436,0.7690732479095459,0.016189416870474815,0.48797789216041565,0.03744953125715256
default,ind,0.8027499914169312,0.007819423452019691,0.855993390083313,0.005366097204387188,0.013489710167050362,0.0042800297960639,0.013061299920082092,0.0023793817963451147,0.7868839502334595,0.007805282715708017,0.7913094758987427,0.009115263819694519,0.1996263861656189,0.009060820564627647,0.1956292688846588,0.009215322323143482,0.8757879137992859,0.009826517663896084,0.8658536076545715,0.008336433209478855,0.005083346739411354,0.0025755814276635647,0.004601833410561085,0.0011993510415777564,0.1191287636756897,0.009860406629741192,0.12954451143741608,0.00855884701013565,0.5107632875442505,0.020945752039551735,0.5035295486450195,0.01805267110466957,0.03974861651659012,0.013162901625037193,0.045821063220500946,0.009629345498979092,0.44948816299438477,0.017518706619739532,0.4506494104862213,0.014750361442565918
