dataset,fairness_condition,cost,cov,cov_s,acc,acc_s,neg_0,neg_0_s,neg_1,neg_1_s,pos_0,pos_0_s,pos_1,pos_1_s,abs_0,abs_0_s,abs_1,abs_1_s,tnr_0,tnr_0_s,tnr_1,tnr_1_s,fpr_0,fpr_0_s,fpr_1,fpr_1_s,nar_0,nar_0_s,nar_1,nar_1_s,fnr_0,fnr_0_s,fnr_1,fnr_1_s,tpr_0,tpr_0_s,tpr_1,tpr_1_s,par_0,par_0_s,par_1,par_1_s,l0d1,l0d1_s
compas,sep,0.25,0.0,0.0,0.0,0.0,0.0,0.0,0.0,0.0,0.0,0.0,0.0,0.0,1.0,0.0,1.0,0.0,0.0,0.0,0.0,0.0,0.0,0.0,0.0,0.0,1.0,0.0,1.0,0.0,0.0,0.0,0.0,0.0,0.0,0.0,0.0,0.0,1.0,0.0,1.0,0.0,0.25,0.0
compas,ind,0.25,0.0,0.0,0.0,0.0,0.0,0.0,0.0,0.0,0.0,0.0,0.0,0.0,1.0,0.0,1.0,0.0,0.0,0.0,0.0,0.0,0.0,0.0,0.0,0.0,1.0,0.0,1.0,0.0,0.0,0.0,0.0,0.0,0.0,0.0,0.0,0.0,1.0,0.0,1.0,0.0,0.25,0.0
compas,none,0.25,0.11287405341863632,0.010318025015294552,0.8484188318252563,0.003039250150322914,0.0037239703815430403,0.0014019364025443792,0.0333683080971241,0.002358420519158244,0.12761269509792328,0.013958176597952843,0.0699097141623497,0.01206504087895155,0.8686634302139282,0.01393518690019846,0.8967219591140747,0.014355413615703583,0.17631301283836365,0.019370893016457558,0.11187787353992462,0.018471669405698776,0.0005334281595423818,0.00029832791187800467,0.007292263209819794,0.0010624045971781015,0.8231536149978638,0.019567515701055527,0.8808298110961914,0.01938762702047825,0.051108360290527344,0.005539306439459324,0.02458236552774906,0.005175508558750153,0.008510149084031582,0.0033039916306734085,0.061750538647174835,0.0042703403159976006,0.9403814673423767,0.005377667490392923,0.9136671423912048,0.009337801486253738,0.23909536004066467,0.0008106419700197875
german,sep,0.25,0.36180001497268677,0.016161678358912468,0.8768510818481445,0.013093028217554092,0.0,0.0,0.0,0.0,0.37020978331565857,0.016061214730143547,0.3451841473579407,0.031035279855132103,0.6297902464866638,0.016061214730143547,0.6548158526420593,0.031035281717777252,0.4537380337715149,0.01893046498298645,0.4481785297393799,0.03995537385344505,0.0,0.0,0.0,0.0,0.5462619662284851,0.0189304668456316,0.5518215298652649,0.03995538130402565,0.14710137248039246,0.020732777193188667,0.15935757756233215,0.020825020968914032,0.0,0.0,0.0,0.0,0.8528985977172852,0.020732754841446877,0.8406423926353455,0.02082500420510769,0.20475001633167267,0.003354108426719904
adult,sep,0.225,0.39369192719459534,0.02513730153441429,0.9584326148033142,0.004483896307647228,0.007351926062256098,0.0008204064215533435,0.002971707610413432,0.0006207185215316713,0.3629250228404999,0.021538427099585533,0.43907999992370605,0.031278397887945175,0.629723072052002,0.0220101960003376,0.5579482913017273,0.03163662180304527,0.49600228667259216,0.026302702724933624,0.4865013659000397,0.03461896628141403,0.00014277557784225792,0.0,0.0,0.0,0.5038549304008484,0.026302684098482132,0.5134986042976379,0.034618962556123734,0.06636971235275269,0.011337656527757645,0.06822261959314346,0.009414800442755222,0.023417117074131966,0.002648635534569621,0.026211848482489586,0.0054750265553593636,0.9102131724357605,0.012520996853709221,0.9055654406547546,0.009030358865857124,0.15286023914813995,0.00333798723295331
adult,none,0.1875,0.39606910943984985,0.008400637656450272,0.976986825466156,0.0015177088789641857,0.024539273232221603,0.0006756337243132293,0.008508040569722652,0.00017029514128807932,0.24880261719226837,0.0059051127173006535,0.6410340070724487,0.01998370699584484,0.7266581058502197,0.005836465395987034,0.35045796632766724,0.01992754265666008,0.35254141688346863,0.008095135912299156,0.7046372294425964,0.020758239552378654,0.00014277557784225792,0.0,0.00022956840984988958,0.0,0.6473158597946167,0.008095155470073223,0.29513317346572876,0.02075825072824955,0.01762647181749344,0.001397764659486711,0.14362657070159912,0.014695427380502224,0.07890550792217255,0.002181247342377901,0.07324954867362976,0.0015020845457911491,0.9034680724143982,0.0023872917518019676,0.7831239104270935,0.014440994709730148,0.12236056476831436,0.0009154140716418624
adult,ind,0.21875,0.4016600549221039,0.008838705718517303,0.9584344029426575,0.0020305123180150986,0.01249630469828844,0.003233774797990918,0.006024832371622324,0.0015674028545618057,0.39304229617118835,0.009000424295663834,0.38762468099594116,0.006895814556628466,0.5944614410400391,0.0103799719363451,0.6063505411148071,0.00607392517849803,0.5370074510574341,0.011033675633370876,0.43177229166030884,0.007192858029156923,0.00014277557784225792,0.0,0.0,0.0,0.46284982562065125,0.011033693328499794,0.5682277083396912,0.007192846387624741,0.07222399115562439,0.004665249027311802,0.04236983880400658,0.0062964726239442825,0.04002545401453972,0.010440059006214142,0.05314183235168457,0.013825221918523312,0.8877506256103516,0.01208703313022852,0.9044883847236633,0.011168645694851875,0.1475933939218521,0.001064168638549745
adult,none,0.197813,0.41482076048851013,0.005694509483873844,0.9748432040214539,0.0011340677738189697,0.02469695545732975,0.0009645951795391738,0.00830449815839529,0.000464146607555449,0.25905194878578186,0.00804583914577961,0.6772236824035645,0.017111055552959442,0.7162510752677917,0.007887955754995346,0.3144718110561371,0.017092648893594742,0.3665619492530823,0.011312928982079029,0.742194652557373,0.016971753910183907,0.00014277557784225792,0.0,0.0001836547307902947,0.00010266611207043752,0.6332952380180359,0.011312928982079029,0.2576216757297516,0.016968971118330956,0.019471842795610428,0.0014649525983259082,0.16912029683589935,0.01871800608932972,0.07941456884145737,0.0031141405925154686,0.07181328535079956,0.0033587568905204535,0.9011136293411255,0.0037538502365350723,0.7590664625167847,0.018326472491025925,0.1261943280696869,0.0008422600221820176
adult,ind,0.225938,0.4279150068759918,0.00918743759393692,0.9535665512084961,0.001652398961596191,0.013462106697261333,0.002768747741356492,0.0063504986464977264,0.0019061320926994085,0.41679316759109497,0.010361110791563988,0.4167311191558838,0.006472809240221977,0.5697447657585144,0.011191830970346928,0.5769184231758118,0.005340016447007656,0.5647344589233398,0.012593668885529041,0.4643709659576416,0.007536353077739477,0.00014277557784225792,0.0,0.0,0.0,0.4351227879524231,0.012593666091561317,0.5356289744377136,0.007536336779594421,0.08711422234773636,0.005443360190838575,0.044165171682834625,0.009030359797179699,0.04314349219202995,0.008938748389482498,0.05601435899734497,0.016812974587082863,0.8697423338890076,0.010786319151520729,0.8998204469680786,0.021143797785043716,0.1491362303495407,0.0010673445649445057
adult,none,0.208125,0.4282072186470032,0.006979286205023527,0.9733659625053406,0.001067581120878458,0.02487434819340706,0.0011420906521379948,0.008385914377868176,0.0005461596301756799,0.2721395492553711,0.004574743565171957,0.6907796263694763,0.01818847469985485,0.7029861807823181,0.004465025383979082,0.3008345067501068,0.017969395965337753,0.38406625390052795,0.006885122042149305,0.7564738392829895,0.018354978412389755,0.00014277557784225792,0.0,0.0001836547307902947,0.00010266611207043752,0.6157910227775574,0.006885132752358913,0.24334251880645752,0.018338913097977638,0.022717149928212166,0.0007985937409102917,0.17701974511146545,0.018114177510142326,0.07998728007078171,0.0036871747579425573,0.07253142446279526,0.004133164882659912,0.8972955942153931,0.003995505627244711,0.7504488229751587,0.016306936740875244,0.13041208684444427,0.0011254928540438414
adult,sep,0.234375,0.43500667810440063,0.038298267871141434,0.9501745104789734,0.00746876047924161,0.007075983565300703,0.0003370973572600633,0.002808874472975731,0.0002653858973644674,0.39871883392333984,0.034587252885103226,0.49253007769584656,0.046615347266197205,0.5942052006721497,0.03452127426862717,0.5046610832214355,0.0464898981153965,0.5379783511161804,0.04080808535218239,0.5438017249107361,0.049194734543561935,0.00014277557784225792,0.0,0.0,0.0,0.4618789851665497,0.040808092802762985,0.4561983048915863,0.04919475317001343,0.0883868932723999,0.02088957093656063,0.0915619358420372,0.02713862992823124,0.022526247426867485,0.0010882990900427103,0.024775583297014236,0.0023408271372318268,0.8890868425369263,0.020611749961972237,0.8836625218391418,0.026398098096251488,0.1543193906545639,0.0037549545522779226
adult,none,0.218438,0.44003987312316895,0.021005161106586456,0.9729873538017273,0.002339583123102784,0.025859862565994263,0.0014426922425627708,0.008019539527595043,0.001209318288601935,0.289445161819458,0.017173536121845245,0.6896397471427917,0.03032546117901802,0.6846950054168701,0.017721496522426605,0.3023407459259033,0.03145710378885269,0.40773844718933105,0.022824760526418686,0.7555555701255798,0.0321028046309948,0.00014277557784225792,0.0,9.182736539514735e-05,0.00012573979620356113,0.5921187400817871,0.022824734449386597,0.24435260891914368,0.03219061344861984,0.0258351918309927,0.0047266860492527485,0.17414723336696625,0.01684170588850975,0.08316894620656967,0.004657649900764227,0.07001795619726181,0.009915046393871307,0.8909959197044373,0.007831044495105743,0.7558348774909973,0.026232754811644554,0.1342422217130661,0.0029838162008672953
adult,ind,0.233125,0.4404914081096649,0.015348301269114017,0.9528701901435852,0.002078321296721697,0.015295161865651608,0.0031019398011267185,0.0069204154424369335,0.0019994794856756926,0.4230807423591614,0.011824719607830048,0.4379401206970215,0.017529763281345367,0.5616241097450256,0.014637350104749203,0.5551394820213318,0.01786395162343979,0.5726156234741211,0.013476832769811153,0.48714420199394226,0.01963850110769272,0.00014277557784225792,0.0,0.0,0.0,0.42724162340164185,0.013476838357746601,0.5128558278083801,0.01963849365711212,0.08985046297311783,0.008277243934571743,0.05314183235168457,0.0072483401745557785,0.049061406403779984,0.01001444086432457,0.061041295528411865,0.017636341974139214,0.861088216304779,0.01751743257045746,0.8858168721199036,0.01889796555042267,0.15121899545192719,0.002019575098529458
adult,ind,0.240312,0.4447809159755707,0.04309206083416939,0.9508394598960876,0.007924582809209824,0.014112546108663082,0.004657735116779804,0.006757582072168589,0.0020926217548549175,0.42982158064842224,0.03778646141290665,0.4397720396518707,0.04611366242170334,0.5560658574104309,0.04103442281484604,0.5534703731536865,0.047654055058956146,0.5793832540512085,0.043873243033885956,0.48934802412986755,0.05034426227211952,0.00014277557784225792,0.0,0.0,0.0,0.42047402262687683,0.04387323558330536,0.5106520056724548,0.05034424364566803,0.09653197228908539,0.024260757490992546,0.05206463485956192,0.014804689213633537,0.04524339362978935,0.015037237666547298,0.05960502848029137,0.01845790073275566,0.8582246899604797,0.036087535321712494,0.8883302807807922,0.03264840692281723,0.15556393563747406,0.0047898017801344395
adult,sep,0.25,0.44969460368156433,0.03330627456307411,0.9461936950683594,0.009355615824460983,0.00709569314494729,0.00040633734897710383,0.0028495825827121735,0.0002878513478208333,0.41149112582206726,0.03306638449430466,0.5110930800437927,0.03485408425331116,0.5814132690429688,0.03308460861444473,0.4860573709011078,0.03482227027416229,0.5517133474349976,0.0371166355907917,0.5636822581291199,0.03662481904029846,0.00014277557784225792,0.0,0.0,0.0,0.44814392924308777,0.03711662068963051,0.4363177418708801,0.036624833941459656,0.09901367872953415,0.025527257472276688,0.09982046484947205,0.02280142530798912,0.02258988283574581,0.0013118375791236758,0.025134650990366936,0.0025389832444489002,0.8783964514732361,0.025472676381468773,0.8750448226928711,0.02308242954313755,0.1619986742734909,0.0033384810667485
adult,sep,0.24375,0.4501195549964905,0.03777220845222473,0.9473457336425781,0.006527461111545563,0.006938011385500431,0.00019211199833080173,0.002646041102707386,0.00020354169828351587,0.4140337109565735,0.034743938595056534,0.5076735615730286,0.04469568282365799,0.579028308391571,0.03477391600608826,0.4896804988384247,0.04458408057689667,0.5569103360176086,0.0411231555044651,0.5591827630996704,0.04816106706857681,0.00011422044917708263,6.385117740137503e-05,0.0,0.0,0.4429754316806793,0.041068222373723984,0.440817266702652,0.04816107824444771,0.0956411063671112,0.02090313471853733,0.10484739392995834,0.01915207877755165,0.02214444987475872,0.000697069801390171,0.023339318111538887,0.0017953321803361177,0.8822144865989685,0.02109692245721817,0.8718132972717285,0.017800072208046913,0.15792448818683624,0.004324015229940414
adult,none,0.22875,0.47195225954055786,0.017611099407076836,0.9688084721565247,0.0024307705461978912,0.02731841802597046,0.001678846892900765,0.00838591530919075,0.0006962197949178517,0.3123879134654999,0.019719045609235764,0.736698567867279,0.014627832919359207,0.660293698310852,0.019659923389554024,0.2549155354499817,0.014532645232975483,0.43746432662010193,0.025698212906718254,0.8045913577079773,0.014915232546627522,0.00017133068467956036,6.385117012541741e-05,0.00013774105173069984,0.00012573979620356113,0.562364399433136,0.02566475421190262,0.19527088105678558,0.014944535680115223,0.0336621068418026,0.006475312635302544,0.20574508607387543,0.014837315306067467,0.08781418949365616,0.00530967814847827,0.07289048284292221,0.0053258189000189304,0.8785237669944763,0.008499899879097939,0.721364438533783,0.01375509612262249,0.1355452686548233,0.002361249178647995
german,ind,0.25,0.4790000021457672,0.018867967650294304,0.8635139465332031,0.009085210971534252,0.00786649901419878,0.002750671235844493,0.003246959066018462,0.0022997925989329815,0.476177453994751,0.01785247027873993,0.4657663404941559,0.023126283660531044,0.5159561038017273,0.018964508548378944,0.5309867858886719,0.022044595330953598,0.5778037309646606,0.020325342193245888,0.6028223633766174,0.028753189370036125,0.00474897213280201,0.002992116380482912,0.0,0.0,0.4174472987651825,0.02252962999045849,0.39717766642570496,0.02875319868326187,0.21029582619667053,0.016921622678637505,0.21594849228858948,0.025564050301909447,0.015005411580204964,0.005068993661552668,0.011136363260447979,0.007765613496303558,0.7746988534927368,0.01613939367234707,0.772915244102478,0.023762544617056847,0.19584999978542328,0.0034892719704657793
adult,none,0.239063,0.4792032241821289,0.021290965378284454,0.9687366485595703,0.003086103592067957,0.027495814487338066,0.0021490054205060005,0.009118665009737015,0.0006339265964925289,0.32249927520751953,0.022456996142864227,0.7369427680969238,0.02313918061554432,0.6500049829483032,0.020685508847236633,0.2539385259151459,0.02270817570388317,0.4513421058654785,0.0294810701161623,0.8052341341972351,0.023715993389487267,0.00017133068467956036,6.385117012541741e-05,0.00022956840984988958,0.0,0.548486590385437,0.02947591245174408,0.1945362687110901,0.02371598593890667,0.03538021072745323,0.0068844822235405445,0.20287254452705383,0.02043052576482296,0.0883868932723999,0.006880805362015963,0.0786355510354042,0.005591533146798611,0.876232922077179,0.004268663469702005,0.7184919714927673,0.015516920015215874,0.13953645527362823,0.002990355249494314
adult,sep,0.253125,0.4797476828098297,0.015167015604674816,0.9416658282279968,0.005146857816725969,0.007253375835716724,0.0005101877031847835,0.002849582815542817,0.000477347377454862,0.43900662660598755,0.012989094480872154,0.5460614562034607,0.020446786656975746,0.5537400245666504,0.01300156768411398,0.45108896493911743,0.020358441397547722,0.5850085616111755,0.014255966059863567,0.6011937260627747,0.021728146821260452,0.00014277557784225792,0.0,0.0,0.0,0.414848655462265,0.014255980029702187,0.39880627393722534,0.021728141233325005,0.113649383187294,0.0134072694927454,0.11490125954151154,0.011841031722724438,0.02309894934296608,0.0016471116105094552,0.025134650990366936,0.004210426937788725,0.8632516860961914,0.01287377905100584,0.8599640727043152,0.010696918703615665,0.1597234010696411,0.0018793590134009719
adult,ind,0.2475,0.48654720187187195,0.04222899302840233,0.9434829950332642,0.008129741065204144,0.020005913451313972,0.003451406955718994,0.00960716512054205,0.0010904211085289717,0.46413716673851013,0.03876747563481331,0.48190513253211975,0.04343733564019203,0.515856921672821,0.04125096648931503,0.5084877014160156,0.04428501054644585,0.6181896328926086,0.04399589076638222,0.5349403619766235,0.04744890332221985,0.00014277557784225792,0.0,0.0,0.0,0.3816676437854767,0.04399588331580162,0.46505966782569885,0.04744889959692955,0.12083995342254639,0.027363687753677368,0.06714542210102081,0.012732944451272488,0.06426980346441269,0.011142673902213573,0.08473967760801315,0.009618019685149193,0.8148903250694275,0.035366982221603394,0.8481149077415466,0.021789420396089554,0.15484851598739624,0.004480813629925251
adult,ind,0.25,0.4956839680671692,0.017140794545412064,0.9422712326049805,0.005364017095416784,0.019237210974097252,0.003571311943233013,0.009159374050796032,0.0008514757500961423,0.47075986862182617,0.01921148970723152,0.4982698857784271,0.018120920285582542,0.5100030303001404,0.01811307854950428,0.4925707280635834,0.017660681158304214,0.6259280443191528,0.02056289091706276,0.5532140135765076,0.019363781437277794,0.00014277557784225792,0.0,0.0,0.0,0.3739292025566101,0.020562905818223953,0.4467860162258148,0.019363796338438988,0.12497613579034805,0.016503969207406044,0.06858169287443161,0.01339899841696024,0.06178810074925423,0.011529779992997646,0.0807899460196495,0.007510413881391287,0.8132357597351074,0.015296866185963154,0.8506283760070801,0.016177918761968613,0.15476427972316742,0.001143913483247161
adult,none,0.25,0.4973572790622711,0.02682049572467804,0.9652137756347656,0.003284305799752474,0.027574652805924416,0.0012057936983183026,0.008467331528663635,0.0006207182887010276,0.33751845359802246,0.022075004875659943,0.7620598673820496,0.035401903092861176,0.6349068880081177,0.022718435153365135,0.2294728308916092,0.03565686568617821,0.47101661562919617,0.028835708275437355,0.8287879228591919,0.03613985329866409,0.0001998857915168628,7.82013958087191e-05,0.00013774105173069984,0.00012573979620356113,0.5287835001945496,0.028819723054766655,0.17107437551021576,0.03615808114409447,0.04002545401453972,0.007029988337308168,0.2402154505252838,0.030478382483124733,0.08857779949903488,0.003952196799218655,0.07360861450433731,0.004577218554913998,0.8713967204093933,0.009554014541208744,0.6861759424209595,0.032050564885139465,0.14303122460842133,0.004191517364233732
german,none,0.25,0.5026000142097473,0.008354648016393185,0.8613341450691223,0.003795974887907505,0.008633061312139034,0.0037119926419109106,0.01656494289636612,0.004199989140033722,0.5257236361503601,0.010822625830769539,0.415304958820343,0.008516008965671062,0.4656433165073395,0.010021764785051346,0.5681301951408386,0.012090246193110943,0.6308605074882507,0.007194173522293568,0.5407137274742126,0.020187532529234886,0.0031529366970062256,0.002985393162816763,0.003187803318724036,0.0047266511246562,0.3659866154193878,0.005343731492757797,0.4560985267162323,0.0194703359156847,0.25001806020736694,0.022940628230571747,0.18519091606140137,0.01731862500309944,0.021180376410484314,0.0072653330862522125,0.04555757716298103,0.012390565127134323,0.7288016676902771,0.02617674134671688,0.7692515254020691,0.009624305181205273,0.1943499892950058,0.0023690725211054087
adult,none,0.259687,0.5043957829475403,0.015611420385539532,0.9644918441772461,0.002647147746756673,0.02848132513463497,0.00239075836725533,0.008548748679459095,0.0007050887797959149,0.34526461362838745,0.017717666923999786,0.7656828761100769,0.013620862737298012,0.6262540817260742,0.01676741987466812,0.22576837241649628,0.013997395522892475,0.48061108589172363,0.022490542382001877,0.8335170149803162,0.013875503093004227,0.0001998857915168628,7.82013958087191e-05,0.00013774105173069984,0.00012573979620356113,0.5191890597343445,0.022476740181446075,0.1663452684879303,0.013926880434155464,0.04365256056189537,0.007274143397808075,0.23518851399421692,0.012694913893938065,0.09150493144989014,0.007554714567959309,0.07432675361633301,0.005475025158375502,0.8648425340652466,0.0075607397593557835,0.6904847025871277,0.015475280582904816,0.14664356410503387,0.0022324242163449526
adult,none,0.249375,0.5066800117492676,0.02124442532658577,0.9638168215751648,0.0035368604585528374,0.02865871787071228,0.0014305226504802704,0.008589456789195538,0.00039152029785327613,0.34453535079956055,0.016649482771754265,0.7737838625907898,0.028877319768071175,0.6268059611320496,0.01790373958647251,0.21762672066688538,0.028924904763698578,0.4796973168849945,0.021022317931056023,0.8408632278442383,0.028870657086372375,0.0001998857915168628,7.82013958087191e-05,0.00013774105173069984,0.00012573979620356113,0.5201027989387512,0.021048463881015778,0.15899907052516937,0.028836017474532127,0.043334390968084335,0.007137168664485216,0.24919210374355316,0.030025552958250046,0.09207763522863388,0.004536536056548357,0.07468582689762115,0.003261383855715394,0.8645879626274109,0.011565285734832287,0.6761220693588257,0.030377734452486038,0.1414147913455963,0.0028304888401180506
adult,sep,0.2625,0.5081407427787781,0.03414372354745865,0.9350868463516235,0.009640720672905445,0.00709569314494729,0.00034139177296310663,0.002808874472975731,0.0003915201814379543,0.4635261595249176,0.03293836489319801,0.5828210711479187,0.03773779422044754,0.5293781161308289,0.03271520137786865,0.414370059967041,0.03747830539941788,0.6110793948173523,0.0349159874022007,0.6398531198501587,0.03956126049160957,0.00014277557784225792,0.0,0.0,0.0,0.38877785205841064,0.03491600230336189,0.3601469397544861,0.03956124559044838,0.13471205532550812,0.029234716668725014,0.13680431246757507,0.024889806285500526,0.02258988283574581,0.001102163689211011,0.024775585159659386,0.0034533904399722815,0.8426980972290039,0.028561260551214218,0.8384200930595398,0.02351130172610283,0.16235344111919403,0.002410954562947154
adult,ind,0.254688,0.5101062655448914,0.045482635498046875,0.9384471774101257,0.009602155536413193,0.01949344575405121,0.0030378741212189198,0.009485039860010147,0.0011204039910808206,0.48560163378715515,0.04293084517121315,0.510970950126648,0.04432924464344978,0.49490490555763245,0.045768044888973236,0.479544073343277,0.04532012715935707,0.641319215297699,0.04768333584070206,0.5668044090270996,0.048428867012262344,0.00014277557784225792,0.0,0.0,0.0,0.3585380017757416,0.047683339565992355,0.4331955909729004,0.048428889364004135,0.13859370350837708,0.0327523909509182,0.07432675361633301,0.012412484735250473,0.06261533498764038,0.009807608090341091,0.0836624801158905,0.009882483631372452,0.7987909317016602,0.04164019972085953,0.8420107960700989,0.021431490778923035,0.15650978684425354,0.004569013603031635
adult,sep,0.271875,0.5191235542297363,0.017643943428993225,0.9343578219413757,0.002292935736477375,0.007805262692272663,0.0012493099784478545,0.0031752493232488632,0.0008825355907902122,0.4729870855808258,0.01326816063374281,0.5951150059700012,0.025803009048104286,0.5192076563835144,0.013684187084436417,0.40170976519584656,0.026235012337565422,0.6225585341453552,0.015080773271620274,0.6542699933052063,0.02804449014365673,0.00011422044917708263,6.385117740137503e-05,0.0,0.0,0.3773272633552551,0.01504992600530386,0.3457300364971161,0.02804448828101158,0.13967546820640564,0.009723646566271782,0.13249550759792328,0.008922629989683628,0.02494432032108307,0.0039649829268455505,0.028007179498672485,0.007784374989569187,0.8353801965713501,0.0116503294557333,0.8394972681999207,0.014728299342095852,0.164841890335083,0.00270262872800231
adult,ind,0.261875,0.5285391807556152,0.0177565049380064,0.9346117377281189,0.004491338040679693,0.02053808979690075,0.0030123505275696516,0.009810707531869411,0.001390950521454215,0.5009164810180664,0.02014215476810932,0.533360481262207,0.012588856741786003,0.4785453975200653,0.020250726491212845,0.4568288028240204,0.013189914636313915,0.6576241850852966,0.021934298798441887,0.591643750667572,0.013849840499460697,0.00014277557784225792,0.0,9.182736539514735e-05,0.00012573979620356113,0.3422330319881439,0.02193428762257099,0.4082644581794739,0.013807163573801517,0.15170221030712128,0.016410158947110176,0.07755834609270096,0.006765332072973251,0.06598790735006332,0.009725205600261688,0.0858168825507164,0.011731641367077827,0.7823099493980408,0.018614018335938454,0.8366247415542603,0.01799815520644188,0.15808533132076263,0.0014222732279449701
adult,none,0.27,0.5309562087059021,0.01754227839410305,0.9603013396263123,0.0026664440520107746,0.02968364953994751,0.0014339123154059052,0.008752290159463882,0.0004317771235946566,0.36919286847114563,0.016726646572351456,0.7949928641319275,0.018242476508021355,0.6011235117912292,0.017244309186935425,0.19625484943389893,0.018477723002433777,0.5111650824546814,0.021176660433411598,0.8623507618904114,0.018378814682364464,0.00022844089835416526,7.82013958087191e-05,0.00022956840984988958,0.0,0.4886065125465393,0.021141717210412025,0.137419655919075,0.018378812819719315,0.05281577631831169,0.006923338398337364,0.2682226300239563,0.01752634532749653,0.09532294422388077,0.0045197694562375546,0.07540395110845566,0.0038084741681814194,0.8518611788749695,0.009872416034340858,0.6563734412193298,0.019361311569809914,0.1477573961019516,0.0026782946661114693
adult,ind,0.269062,0.5416733622550964,0.040255822241306305,0.9313745498657227,0.00841284915804863,0.02026214636862278,0.0024276450276374817,0.009729290381073952,0.0009697642526589334,0.5152655839920044,0.03865683078765869,0.5446366667747498,0.03911055624485016,0.4644722640514374,0.0405392125248909,0.44563403725624084,0.039897430688142776,0.6729869246482849,0.042001932859420776,0.6033517122268677,0.04291713237762451,0.00014277557784225792,0.0,9.182736539514735e-05,0.00012573979620356113,0.3268703818321228,0.04200194031000137,0.39655646681785583,0.04295341297984123,0.16379255056381226,0.03136603906750679,0.08545781672000885,0.01028209738433361,0.06509704142808914,0.007837514393031597,0.0850987434387207,0.007887212559580803,0.7711104154586792,0.037329189479351044,0.8294434547424316,0.01605796627700329,0.1607552319765091,0.004130728077143431
adult,none,0.280312,0.5482869148254395,0.021320195868611336,0.9580985903739929,0.003183929016813636,0.031043654307723045,0.0021647659596055746,0.009892123751342297,0.0018798698438331485,0.3852172791957855,0.018976738676428795,0.8110726475715637,0.02213337831199169,0.5837390422821045,0.020615532994270325,0.1790352314710617,0.02352319285273552,0.5311250686645508,0.023769430816173553,0.879155158996582,0.022246602922677994,0.0002569959906395525,0.00018615656881593168,0.00022956840984988958,0.0,0.46861791610717773,0.023792680352926254,0.12061524391174316,0.02224658988416195,0.06006999686360359,0.008376930840313435,0.27863556146621704,0.02247394435107708,0.09965001791715622,0.006694378796964884,0.08545780926942825,0.016581326723098755,0.8402799963951111,0.014365184120833874,0.6359066367149353,0.03589318320155144,0.149648517370224,0.0033986030612140894
adult,none,0.290625,0.5519521832466125,0.028973033651709557,0.9569513201713562,0.005669673439115286,0.03149699792265892,0.0006256254855543375,0.009973539970815182,0.001848758663982153,0.3922341763973236,0.029524127021431923,0.8067982792854309,0.026309065520763397,0.5762688517570496,0.0300886332988739,0.18322817981243134,0.027704624459147453,0.5390348434448242,0.034905415028333664,0.8749771118164062,0.02645004168152809,0.00025699601974338293,6.385117012541741e-05,0.00022956840984988958,0.0,0.4607081413269043,0.034912120550870895,0.1247933879494667,0.02645002491772175,0.06509704142808914,0.017631180584430695,0.27360862493515015,0.025755353271961212,0.10111358016729355,0.0019535559695214033,0.08617594093084335,0.016306914389133453,0.8337894678115845,0.01948706805706024,0.6402154564857483,0.03905829042196274,0.15410499274730682,0.003941386006772518
adult,ind,0.283438,0.5534396171569824,0.03695104271173477,0.9282965660095215,0.008671853691339493,0.01996649242937565,0.0039461152628064156,0.009240790270268917,0.002648388734087348,0.5264610648155212,0.03702440485358238,0.5586811304092407,0.03404363617300987,0.45357248187065125,0.038453299552202225,0.43207818269729614,0.03510410711169243,0.6844375133514404,0.038080595433712006,0.6182277202606201,0.03684697672724724,0.00014277557784225792,0.0,9.182736539514735e-05,0.00012573979620356113,0.3154197633266449,0.0380806066095829,0.3816804587841034,0.03692612797021866,0.1744193434715271,0.0347767248749733,0.092998206615448,0.012720277532935143,0.06414254009723663,0.012739810161292553,0.0807899460196495,0.022744810208678246,0.7614380717277527,0.04090859740972519,0.8262118697166443,0.027592087164521217,0.16650579869747162,0.003056132700294256
adult,sep,0.290625,0.5619256496429443,0.02826821804046631,0.921264111995697,0.007214308250695467,0.007706711534410715,0.0008630976662971079,0.0033787910360842943,0.0007138479850254953,0.5155415534973145,0.026522977277636528,0.6384286284446716,0.03328873962163925,0.47675177454948425,0.0265299491584301,0.3581925630569458,0.03340049460530281,0.6655340194702148,0.028079384937882423,0.6976584792137146,0.033130284398794174,0.00017133068467956036,6.385117740137503e-05,0.0,0.0,0.3342946767807007,0.02804705686867237,0.30234161019325256,0.03313031420111656,0.18129175901412964,0.023750293999910355,0.1752244085073471,0.03592010214924812,0.02449888549745083,0.0028368683997541666,0.029802514240145683,0.00629647308960557,0.7942094206809998,0.023610303178429604,0.7949730753898621,0.03656047210097313,0.17171113193035126,0.0025760196149349213
adult,sep,0.28125,0.5656972527503967,0.02360268123447895,0.9234977960586548,0.004113093484193087,0.008830196224153042,0.001709233270958066,0.003419499611482024,0.000546159571968019,0.5174928903579712,0.021097702905535698,0.6435986161231995,0.027676060795783997,0.47367697954177856,0.02199268713593483,0.35298189520835876,0.0278009083122015,0.6703883409500122,0.024140991270542145,0.7038108706474304,0.028200706467032433,0.00014277557784225792,0.0,0.0,0.0,0.32946887612342834,0.024141019210219383,0.29618915915489197,0.028200682252645493,0.1767737865447998,0.014746985398232937,0.17271095514297485,0.024986742064356804,0.028189627453684807,0.005518163554370403,0.030161578208208084,0.0048173824325203896,0.7950366139411926,0.01726389117538929,0.7971274852752686,0.026078712195158005,0.16549427807331085,0.003022518940269947
adult,ind,0.27625,0.5688313841819763,0.0467873252928257,0.926051139831543,0.009583803825080395,0.022371143102645874,0.002732910681515932,0.010869123041629791,0.001644787727855146,0.5388785600662231,0.04541757330298424,0.5736209750175476,0.04307476058602333,0.43875035643577576,0.04800071939826012,0.4155099093914032,0.04447921738028526,0.6975156664848328,0.049059417098760605,0.6343434453010559,0.04656152054667473,0.00014277557784225792,0.0,4.591368269757368e-05,0.00010266611207043752,0.3023415207862854,0.04905940592288971,0.36561068892478943,0.04660029709339142,0.18536430597305298,0.037540778517723083,0.09874327480792999,0.01749873161315918,0.07190582156181335,0.008823049254715443,0.09551166743040085,0.014044960960745811,0.7427298426628113,0.04573017731308937,0.8057451248168945,0.029264463111758232,0.1615273654460907,0.004702489357441664
adult,none,0.300937,0.5723373293876648,0.015825506299734116,0.9526605010032654,0.0041521950624883175,0.034906867891550064,0.0020547411404550076,0.0104213310405612,0.0013455316657200456,0.4148221015930176,0.020680449903011322,0.8151435256004333,0.009301219135522842,0.5502710342407227,0.020758161321282387,0.17443516850471497,0.010075821541249752,0.5655625462532043,0.023839322850108147,0.8834251761436462,0.009782138280570507,0.0004568817967083305,0.00011945461301365867,0.00022956840984988958,0.0,0.4339805543422699,0.023823115974664688,0.11634527891874313,0.009782149456441402,0.07890550792217255,0.01365341991186142,0.2811489999294281,0.009550760500133038,0.11167674511671066,0.006434538401663303,0.090125672519207,0.011868217960000038,0.809417724609375,0.015100379474461079,0.6287253499031067,0.019269518554210663,0.15584427118301392,0.0018163969507440925
adult,none,0.31125,0.5860159993171692,0.016766026616096497,0.9494071006774902,0.004488311242312193,0.0374889150261879,0.0029644127935171127,0.010869123041629791,0.0013849807437509298,0.42928943037986755,0.022084835916757584,0.8214125633239746,0.009559516794979572,0.5332216620445251,0.021748224273324013,0.1677182912826538,0.010492760688066483,0.5818389654159546,0.025092052295804024,0.8893939852714539,0.009621906094253063,0.0005996573599986732,0.0003095300344284624,0.00022956840984988958,0.0,0.4175613820552826,0.025018056854605675,0.1103764995932579,0.009621902368962765,0.08934139460325241,0.0153981177136302,0.2897666096687317,0.010590935125946999,0.11969456821680069,0.009100922383368015,0.09407540410757065,0.012216174975037575,0.7909640669822693,0.01675749011337757,0.6161579489707947,0.022257771342992783,0.1585603803396225,0.0017738317837938666
adult,sep,0.3,0.5916467905044556,0.04264476150274277,0.9135624766349792,0.00853926781564951,0.00908642914146185,0.0033109423238784075,0.003297374350950122,0.001001292490400374,0.5442988276481628,0.039789829403162,0.6673722863197327,0.044892214238643646,0.44661474227905273,0.04154128581285477,0.32933032512664795,0.045274410396814346,0.6932895183563232,0.042254488915205,0.7283287644386292,0.0458989255130291,0.00014277557784225792,0.0001427755632903427,0.0,0.0,0.3065676689147949,0.04232679679989815,0.27167126536369324,0.045898932963609695,0.2122812718153,0.03466958552598953,0.19066427648067474,0.04100674018263817,0.02901686169207096,0.010430358350276947,0.029084378853440285,0.008831867016851902,0.7587019205093384,0.040501467883586884,0.7802513241767883,0.04313657060265541,0.17392697930335999,0.004430908244103193
adult,sep,0.309375,0.5930810570716858,0.01453541312366724,0.9132318496704102,0.004669466055929661,0.008317729458212852,0.001122792949900031,0.003419499145820737,0.0006339267129078507,0.5474130511283875,0.01354239322245121,0.6668024063110352,0.021254273131489754,0.4442692697048187,0.01353959646075964,0.32977816462516785,0.021149927750229836,0.6980011463165283,0.014872446656227112,0.7272727489471436,0.022559108212590218,0.00017133068467956036,6.385117740137503e-05,4.591368269757368e-05,0.00010266611207043752,0.3018275201320648,0.014830797910690308,0.2726813852787018,0.02246864140033722,0.2118358165025711,0.01475864090025425,0.1938958615064621,0.018614398315548897,0.02647152543067932,0.0036513085942715406,0.029802514240145683,0.005761869717389345,0.7616927027702332,0.014515875838696957,0.7763016223907471,0.016336532309651375,0.17736467719078064,0.003659237874671817
adult,ind,0.290625,0.6258034706115723,0.027827002108097076,0.9115303158760071,0.006126417778432369,0.02459840476512909,0.0017623880412429571,0.012008956633508205,0.0008754653972573578,0.5953483581542969,0.027474772185087204,0.6258904933929443,0.026635944843292236,0.38005325198173523,0.02865671180188656,0.3621005713939667,0.027139050886034966,0.752741277217865,0.027187654748558998,0.6910009384155273,0.02868778631091118,0.00014277557784225792,0.0,0.00022956840984988958,0.0,0.24711595475673676,0.027187665924429893,0.3087695240974426,0.02868778072297573,0.244607076048851,0.028267163783311844,0.11669659614562988,0.01128348894417286,0.07909640669822693,0.005689771380275488,0.10412926971912384,0.007722011301666498,0.6762965321540833,0.03201386705040932,0.7791741490364075,0.016007674857974052,0.16424889862537384,0.0020747878588736057
adult,sep,0.328125,0.6276229023933411,0.018463753163814545,0.9048687219619751,0.0037560402415692806,0.009677737019956112,0.0020606413017958403,0.0037858744617551565,0.0008217637659981847,0.5779442191123962,0.01759915240108967,0.7064523100852966,0.0189498383551836,0.4123780429363251,0.0186713058501482,0.28976187109947205,0.01967606693506241,0.7264420390129089,0.018157195299863815,0.7688705325126648,0.020639076828956604,0.00025699601974338293,0.00011945459846174344,0.0,0.0,0.27330097556114197,0.018183967098593712,0.2311294823884964,0.020639078691601753,0.24702516198158264,0.016522666439414024,0.21831241250038147,0.022730639204382896,0.030671333894133568,0.00640931585803628,0.03339317813515663,0.007248341105878353,0.7223035097122192,0.01989806443452835,0.748294472694397,0.022688064724206924,0.1819339394569397,0.00299211498349905
adult,sep,0.31875,0.6317796111106873,0.013370365835726261,0.9036552309989929,0.00474655581638217,0.00823888834565878,0.0015356304356828332,0.003500916063785553,0.0005461596301756799,0.5859860181808472,0.014281097799539566,0.7058417201042175,0.014126296155154705,0.40577512979507446,0.013475539162755013,0.2906574308872223,0.013973396271467209,0.7357510328292847,0.01198609359562397,0.7677686214447021,0.016267482191324234,0.00017133068467956036,6.385117012541741e-05,0.0,0.0,0.26407766342163086,0.011968719772994518,0.23223142325878143,0.016267474740743637,0.2522430717945099,0.020115619525313377,0.22154398262500763,0.019152076914906502,0.026216989383101463,0.004828392993658781,0.030879711732268333,0.004817381501197815,0.7215399146080017,0.017810840159654617,0.7475763559341431,0.01648385263979435,0.178286612033844,0.0010082321241497993
adult,none,0.321562,0.6326958537101746,0.03654585778713226,0.9385492205619812,0.010212162509560585,0.04269242286682129,0.003996737767010927,0.012131080962717533,0.001129609765484929,0.48280277848243713,0.0450800396502018,0.8419702649116516,0.02075355127453804,0.4745047688484192,0.04446232691407204,0.14589862525463104,0.02155158855021,0.6416904330253601,0.04916214570403099,0.9091827273368835,0.01796775870025158,0.0011422045063227415,0.0007349821971729398,0.0002754821034613997,0.00010266611207043752,0.3571673333644867,0.048963963985443115,0.0905417799949646,0.01806354895234108,0.12873052060604095,0.036087531596422195,0.31633755564689636,0.04294560104608536,0.13528476655483246,0.011305916123092175,0.10484740883111954,0.009380502626299858,0.735984742641449,0.03562010079622269,0.5788151025772095,0.04984431341290474,0.15728767216205597,0.002990092383697629
adult,ind,0.305,0.640969455242157,0.030408041551709175,0.907135009765625,0.008702997118234634,0.023790283128619194,0.0023903516121208668,0.01266028918325901,0.0024357051588594913,0.6097763180732727,0.032962698489427567,0.6435986161231995,0.026597069576382637,0.36643341183662415,0.0332285575568676,0.3437410891056061,0.025835121050477028,0.765619695186615,0.031226180493831635,0.7092745900154114,0.027485288679599762,0.00014277557784225792,0.0,0.0002754821034613997,0.00010266611207043752,0.23423758149147034,0.031226197257637978,0.29044994711875916,0.02749813348054886,0.26248809695243835,0.03736536577343941,0.12998205423355103,0.019975848495960236,0.07648743689060211,0.007717115338891745,0.10951526463031769,0.020936990156769753,0.6610245108604431,0.03883245214819908,0.7605027556419373,0.021752431988716125,0.16923873126506805,0.0010756233241409063
adult,ind,0.297812,0.6474103927612305,0.01766512542963028,0.9062550663948059,0.004893062636256218,0.024775797501206398,0.001286085112951696,0.012700999155640602,0.0006207183469086885,0.6172661781311035,0.018129507079720497,0.6457968950271606,0.015272000804543495,0.357958048582077,0.018991712480783463,0.3415021598339081,0.015320751816034317,0.7741005420684814,0.016967307776212692,0.7118916511535645,0.016314705833792686,0.00014277557784225792,0.0,0.00013774105173069984,0.00012573979620356113,0.2257567197084427,0.016967302188277245,0.287970632314682,0.016386106610298157,0.2677696645259857,0.021251339465379715,0.12890484929084778,0.007763648871332407,0.07966911047697067,0.004152052104473114,0.11095152050256729,0.004817380104213953,0.6525612473487854,0.024110473692417145,0.7601436376571655,0.007248361129313707,0.16576240956783295,0.0011282778577879071
adult,sep,0.3375,0.6536255478858948,0.014947062358260155,0.897534966468811,0.00502639589831233,0.010269044898450375,0.0018729933071881533,0.003907999023795128,0.0009148057433776557,0.6013797521591187,0.017560726031661034,0.7364136576652527,0.010225811041891575,0.3883512616157532,0.01770945079624653,0.2596784234046936,0.0106148486956954,0.7478012442588806,0.01741967722773552,0.7979798316955566,0.012022234499454498,0.0003712164470925927,7.820138125680387e-05,0.0,0.0,0.25182753801345825,0.017358653247356415,0.20202021300792694,0.012022241950035095,0.27508750557899475,0.019496150314807892,0.25493717193603516,0.021878020837903023,0.032325804233551025,0.00611841632053256,0.03447037562727928,0.008069014176726341,0.6925867199897766,0.018930818885564804,0.7105924487113953,0.01845790259540081,0.18391335010528564,0.002908610738813877
adult,sep,0.35625,0.659030556678772,0.0184958353638649,0.8926187753677368,0.0025916665326803923,0.009184980764985085,0.004646774381399155,0.0035823327489197254,0.0019126415718346834,0.6100324988365173,0.012035375460982323,0.7376755475997925,0.02523520402610302,0.38078251481056213,0.014657729305326939,0.2587421238422394,0.026729673147201538,0.7531696557998657,0.01363578625023365,0.7977961897850037,0.027075184509158134,0.00022844089835416526,0.0003583637881092727,9.182736539514735e-05,0.00020533222414087504,0.24660193920135498,0.013851216994225979,0.20211200416088104,0.02720971219241619,0.2910594940185547,0.01126328855752945,0.2675045132637024,0.015957264229655266,0.029144128784537315,0.01420680433511734,0.030879711732268333,0.01530777383595705,0.6797963976860046,0.017931487411260605,0.7016158103942871,0.024986734613776207,0.1922406405210495,0.004811761435121298
adult,none,0.3525,0.6606906056404114,0.11779802292585373,0.9185804724693298,0.013792484067380428,0.046890709549188614,0.02638106234371662,0.011154080741107464,0.006246108561754227,0.5007786154747009,0.15245486795902252,0.8829635977745056,0.02906835451722145,0.45233073830604553,0.1776459962129593,0.10588236153125763,0.025343339890241623,0.6474015116691589,0.18232077360153198,0.9390266537666321,0.017989736050367355,0.0036264993250370026,0.0022700864356011152,0.00032139578252099454,0.00020533222414087504,0.34897202253341675,0.1843915432691574,0.06065196916460991,0.017988115549087524,0.17403756082057953,0.08947718888521194,0.44452425837516785,0.15586647391319275,0.14330258965492249,0.08044369518756866,0.095870740711689,0.05373414233326912,0.6826598644256592,0.16289229691028595,0.45960503816604614,0.10697678476572037,0.17414842545986176,0.02789558283984661
adult,ind,0.312188,0.6607703566551208,0.02331506833434105,0.9032617807388306,0.0069469488225877285,0.026983344927430153,0.0026721765752881765,0.014614288695156574,0.0013300473801791668,0.6266483068466187,0.025029564276337624,0.6608996987342834,0.01741560362279415,0.3463684022426605,0.025971829891204834,0.32448604702949524,0.018008776009082794,0.7813534736633301,0.022687768563628197,0.7280073165893555,0.018570516258478165,0.0001998857915168628,7.82013958087191e-05,0.00032139578252099454,0.00012573979620356113,0.21844659745693207,0.022731825709342957,0.27167126536369324,0.018636517226696014,0.28189629316329956,0.03030366264283657,0.13608618080615997,0.008922639302909374,0.08666878193616867,0.008464687503874302,0.12639139592647552,0.010891024023294449,0.6314349174499512,0.0339408740401268,0.7375224828720093,0.015412689186632633,0.16995392739772797,0.0007722621085122228
adult,sep,0.346875,0.6840505003929138,0.015461637638509274,0.892051637172699,0.0038651966024190187,0.013462108559906483,0.005501952487975359,0.005047832615673542,0.0017709290841594338,0.6289346814155579,0.016841676086187363,0.7650315761566162,0.011058512143790722,0.3576032221317291,0.01830902323126793,0.2299206256866455,0.012491390109062195,0.7751855850219727,0.017191767692565918,0.8268136382102966,0.013240160420536995,0.0004283267189748585,0.00022574799368157983,0.0,0.0,0.2243860810995102,0.01712789386510849,0.17318642139434814,0.013240146450698376,0.3030225932598114,0.01663561724126339,0.281867116689682,0.013374933041632175,0.04250716045498848,0.017378170043230057,0.044524237513542175,0.015620420686900616,0.6544702649116516,0.0242131557315588,0.6736086010932922,0.013156259432435036,0.1834595650434494,0.003433597506955266
adult,none,0.342187,0.6861222386360168,0.03590256720781326,0.9247457385063171,0.01074710488319397,0.05420321226119995,0.0024608238600194454,0.014654996804893017,0.001529950532130897,0.5380900502204895,0.0478060282766819,0.8652554750442505,0.01320903841406107,0.40770673751831055,0.04715321958065033,0.12008955329656601,0.014180143363773823,0.7000571489334106,0.04971279948949814,0.9298898577690125,0.01121319830417633,0.0033123933244496584,0.0009108587400987744,0.0004132231406401843,0.00019207071454729885,0.29663050174713135,0.04938771203160286,0.06969697773456573,0.011325427331030369,0.17715558409690857,0.04399542883038521,0.3597845733165741,0.02890985645353794,0.1676105558872223,0.0065645803697407246,0.12603232264518738,0.012846352532505989,0.6552338600158691,0.04225674644112587,0.5141831636428833,0.037349801510572433,0.15934383869171143,0.002878486644476652
adult,ind,0.319375,0.6862683296203613,0.023616774007678032,0.8975648880004883,0.006120511796325445,0.027298707515001297,0.00174633355345577,0.01612049713730812,0.00046414657845161855,0.6523701548576355,0.02547493949532509,0.6837777495384216,0.02377457544207573,0.3203311562538147,0.023973869159817696,0.30010175704956055,0.02371177449822426,0.8059679865837097,0.024095479398965836,0.7520661354064941,0.024973422288894653,0.00019988580606877804,0.00012770234025083482,0.00022956840984988958,0.0,0.19383209943771362,0.023971542716026306,0.24770431220531464,0.024973411113023758,0.3100859224796295,0.028781043365597725,0.14973071217536926,0.01662985235452652,0.0876869261264801,0.005444290582090616,0.14039497077465057,0.004093989264219999,0.6022271513938904,0.024019408971071243,0.7098743319511414,0.01667824387550354,0.17060977220535278,0.001401746878400445
adult,sep,0.365625,0.6879017949104309,0.02087145857512951,0.8890236020088196,0.004800703842192888,0.012240069918334484,0.004001595079898834,0.004803582560271025,0.0018632676219567657,0.6351433992385864,0.02035357616841793,0.7667819857597351,0.021625960245728493,0.3526165187358856,0.020897280424833298,0.2284144163131714,0.02309206686913967,0.7794403433799744,0.020079994574189186,0.827915608882904,0.022674819454550743,0.0005711022531613708,0.000504787836689502,0.0,0.0,0.21998858451843262,0.01987028494477272,0.1720844805240631,0.0226748064160347,0.3135857582092285,0.021939247846603394,0.28868943452835083,0.017050934955477715,0.038243718445301056,0.01203034445643425,0.04236983880400658,0.016434889286756516,0.648170530796051,0.023351600393652916,0.6689407229423523,0.026917995885014534,0.1904987096786499,0.004246025811880827
adult,none,0.331875,0.6951925754547119,0.01097653154283762,0.9222790002822876,0.0038856922183185816,0.051443781703710556,0.0050043282099068165,0.013922247104346752,0.0024870422203093767,0.5497782826423645,0.016682934015989304,0.8753511309623718,0.008617044426500797,0.39877796173095703,0.01387679111212492,0.11072664707899094,0.00819618534296751,0.7133066654205322,0.016957566142082214,0.9385674595832825,0.006933961063623428,0.002541404915973544,0.0007910848362371325,0.0003673094615805894,0.0003079983580391854,0.2841518819332123,0.016575923189520836,0.0610651969909668,0.006794605404138565,0.18536429107189178,0.016130490228533745,0.38096949458122253,0.0229001697152853,0.1604199856519699,0.014528787694871426,0.11992819607257843,0.020048322156071663,0.6542157530784607,0.011675899848341942,0.4991023540496826,0.025198692455887794,0.15522171556949615,0.0008133890223689377
adult,ind,0.326562,0.7060292363166809,0.0377170667052269,0.8912283778190613,0.008507379330694675,0.026805952191352844,0.0018866846803575754,0.016568288207054138,0.002837197855114937,0.6742485761642456,0.03549997881054878,0.6997354030609131,0.03761071339249611,0.29894551634788513,0.03719404712319374,0.28369632363319397,0.039085134863853455,0.8247001767158508,0.03179913014173508,0.7681359648704529,0.03977400064468384,0.00019988580606877804,7.82013958087191e-05,0.00041322316974401474,0.0002993206144310534,0.1750999540090561,0.03172776475548744,0.2314509004354477,0.039842329919338226,0.3389755189418793,0.04377582296729088,0.16481149196624756,0.021745024248957634,0.08609609305858612,0.006216897163540125,0.14290843904018402,0.0229071993380785,0.5749284625053406,0.049447640776634216,0.6922800540924072,0.03669685497879982,0.17305147647857666,0.002524773357436061
adult,ind,0.33375,0.7220451831817627,0.047230787575244904,0.8864826560020447,0.010722976177930832,0.02593870274722576,0.0068740504793822765,0.017138203606009483,0.00481538288295269,0.6897802352905273,0.04349514842033386,0.7179726958274841,0.040237341076135635,0.2842811048030853,0.049076009541749954,0.26488906145095825,0.04383041337132454,0.8371502161026001,0.0378069169819355,0.7865013480186462,0.04118083417415619,0.00028555115568451583,0.00014277554873842746,0.0002754821034613997,0.00019207071454729885,0.1625642478466034,0.03785553574562073,0.2132231444120407,0.041326578706502914,0.36137446761131287,0.05657806992530823,0.18204668164253235,0.034007202833890915,0.08310531824827194,0.02210221439599991,0.14901256561279297,0.04097921773791313,0.555520236492157,0.07456529885530472,0.6689407825469971,0.06604529917240143,0.17513132095336914,0.0032345117069780827
adult,ind,0.340938,0.7290306091308594,0.02549535594880581,0.8865209817886353,0.0068444861099123955,0.031536415219306946,0.0025404447223991156,0.01807449571788311,0.0022774850949645042,0.692736804485321,0.024667702615261078,0.7207816243171692,0.02179292030632496,0.2757268249988556,0.02706766314804554,0.26114392280578613,0.023989425972104073,0.8409194946289062,0.01979527622461319,0.7893021106719971,0.02299775741994381,0.0004283267189748585,0.00010095756442751735,0.0005968778277747333,0.0004475112655200064,0.15865221619606018,0.01988079771399498,0.21010100841522217,0.023420138284564018,0.36251991987228394,0.03563588857650757,0.18491922318935394,0.012438422068953514,0.10085904598236084,0.008039630018174648,0.15475763380527496,0.0169561505317688,0.53662109375,0.04317041113972664,0.6603232026100159,0.02890426106750965,0.17525231838226318,0.0009479389991611242
adult,sep,0.384375,0.7301062941551208,0.02266450971364975,0.8760800361633301,0.005880808457732201,0.010899773798882961,0.005048578139394522,0.004233665764331818,0.0016498176846653223,0.6771853566169739,0.02159651555120945,0.8126603364944458,0.019396154209971428,0.31191486120224,0.0248795747756958,0.18310604989528656,0.02060430683195591,0.8151912689208984,0.020050344988703728,0.8710285425186157,0.019502753391861916,0.0003997715830337256,0.0002554046513978392,0.00013774105173069984,0.00020533222414087504,0.18440890312194824,0.020172476768493652,0.1288338005542755,0.01950683444738388,0.3696468472480774,0.02645806409418583,0.3561939001083374,0.031343840062618256,0.03429843857884407,0.015782831236720085,0.03626570850610733,0.014159241691231728,0.59605473279953,0.03542575612664223,0.6075403690338135,0.036893974989652634,0.19428491592407227,0.004536331631243229
adult,sep,0.375,0.736985445022583,0.03646910935640335,0.8806438446044922,0.008485013619065285,0.01647777669131756,0.004471557680517435,0.006635457277297974,0.0018798697274178267,0.6793140769004822,0.038309089839458466,0.8154284358024597,0.028233809396624565,0.3042081296443939,0.040144532918930054,0.17793609201908112,0.029256021603941917,0.8219303488731384,0.03592151403427124,0.8762167096138,0.026825839653611183,0.0003712164761964232,0.00019155352492816746,0.0,0.0,0.17769846320152283,0.03577811270952225,0.12378329038619995,0.026825834065675735,0.3615017831325531,0.0442163348197937,0.34003591537475586,0.040595948696136475,0.0523703470826149,0.014413719065487385,0.05852782726287842,0.016581328585743904,0.5861279368400574,0.05094028636813164,0.6014362573623657,0.049802251160144806,0.18682436645030975,0.0039815050549805164
adult,sep,0.39375,0.7398672103881836,0.02107388526201248,0.8760866522789001,0.003346019424498081,0.012713118456304073,0.005838696379214525,0.005007124040275812,0.002250953111797571,0.6835715174674988,0.018078507855534554,0.8248727917671204,0.018363703042268753,0.30371540784835815,0.022219045087695122,0.17012007534503937,0.019496699795126915,0.8223872184753418,0.017883433029055595,0.88397616147995,0.018714120611548424,0.0003712164761964232,0.0002783208037726581,9.182736539514735e-05,0.00012573979620356113,0.17724157869815826,0.017918361350893974,0.11593204736709595,0.0186664666980505,0.37422844767570496,0.01946212537586689,0.3626570701599121,0.021581364795565605,0.0402163527905941,0.018391339108347893,0.043447040021419525,0.01931130141019821,0.5855551958084106,0.03236217051744461,0.5938958525657654,0.02694193460047245,0.1941404640674591,0.004610512405633926
adult,none,0.362812,0.7523107528686523,0.019806666299700737,0.9047485589981079,0.006789630278944969,0.06114122271537781,0.007187357172369957,0.015387746505439281,0.0019126421539112926,0.6138760447502136,0.03137857839465141,0.8965601325035095,0.007658396381884813,0.32498276233673096,0.025963587686419487,0.08805210888385773,0.007409864570945501,0.7752998471260071,0.030229363590478897,0.9551882147789001,0.005920897703617811,0.005139920394867659,0.0021392523776739836,0.00045913681969977915,0.0003976241569034755,0.21956025063991547,0.028340214863419533,0.04435261711478233,0.005801770836114883,0.2541520893573761,0.034069471061229706,0.43806105852127075,0.024419166147708893,0.18593700230121613,0.018596606329083443,0.13213644921779633,0.013941305689513683,0.5599108934402466,0.023917023092508316,0.4298025071620941,0.02679799124598503,0.16163091361522675,0.00025791575899347663
adult,ind,0.348125,0.7679681777954102,0.04422720521688461,0.8756603598594666,0.012299121357500553,0.032108012586832047,0.0033935150131583214,0.019295746460556984,0.0022408077493309975,0.7288262248039246,0.043517641723155975,0.7631997466087341,0.03816897049546242,0.2390657514333725,0.046571675688028336,0.2175046056509018,0.03983897715806961,0.8681610226631165,0.03389538452029228,0.8322314620018005,0.03810640797019005,0.00034266134025529027,0.00016278919065371156,0.0006887053023092449,0.00045913687790744007,0.13149629533290863,0.034028541296720505,0.167079895734787,0.038498904556035995,0.4183264672756195,0.06500175595283508,0.22333931922912598,0.039915360510349274,0.1028953343629837,0.01061602309346199,0.16481149196624756,0.016522904857993126,0.47877827286720276,0.07460037618875504,0.6118492484092712,0.050355780869722366,0.17669908702373505,0.0007068834966048598
adult,none,0.373125,0.7714741826057434,0.011259987950325012,0.8991478085517883,0.0034568787086755037,0.06880851835012436,0.00503451656550169,0.01823732815682888,0.0009718980873003602,0.6350842714309692,0.015098840929567814,0.8928150534629822,0.009222026914358139,0.2961072325706482,0.012731942348182201,0.08894769102334976,0.010011889040470123,0.794431746006012,0.014537341892719269,0.9522497057914734,0.007004657294601202,0.007110223174095154,0.0014919876120984554,0.0009182736393995583,0.00032465875847265124,0.1984580159187317,0.013697527348995209,0.04683195799589157,0.0071166199631989,0.27998730540275574,0.01638639345765114,0.42800718545913696,0.027422180399298668,0.20629970729351044,0.013367953710258007,0.15368042886257172,0.007784377317875624,0.513713002204895,0.014441758394241333,0.4183123707771301,0.03288448601961136,0.16310404241085052,0.0007324291509576142
adult,none,0.383437,0.778247058391571,0.015261746011674404,0.8980744481086731,0.004435428883880377,0.07298709452152252,0.005076398607343435,0.016649706289172173,0.0021893733646720648,0.6394402384757996,0.018336180597543716,0.8975371718406677,0.00825736578553915,0.2875726819038391,0.01936676725745201,0.08581314980983734,0.00718850689008832,0.79905766248703,0.01784113049507141,0.9560605883598328,0.006554972380399704,0.00788121111690998,0.0012005037860944867,0.0007805325440131128,0.00041703172610141337,0.19306111335754395,0.018254732713103294,0.04315886273980141,0.006339165382087231,0.28374168276786804,0.019495902583003044,0.4398563504219055,0.023817768320441246,0.21807192265987396,0.013842289336025715,0.14075404405593872,0.016532666981220245,0.4981864392757416,0.023861916735768318,0.4193895757198334,0.0213787704706192,0.16440413892269135,0.0012614118168130517
adult,ind,0.355312,0.7886454463005066,0.022027095779776573,0.8688883781433105,0.0060297343879938126,0.03208830580115318,0.002998616546392441,0.020516997203230858,0.002879952546209097,0.7532275915145874,0.020290551707148552,0.7750051021575928,0.02017609216272831,0.2146841585636139,0.022304687649011612,0.2044779360294342,0.021935613825917244,0.8877784609794617,0.015066375024616718,0.844811737537384,0.02016676776111126,0.0003426613693591207,0.00019155351037625223,0.0008723600185476243,0.0004704752063844353,0.11187892407178879,0.015145521610975266,0.15431587398052216,0.02036920189857483,0.453388512134552,0.031965915113687515,0.22908440232276917,0.021189473569393158,0.10283169895410538,0.009307143278419971,0.17414723336696625,0.022170716896653175,0.443779855966568,0.03843799978494644,0.5967684388160706,0.03722013905644417,0.17860279977321625,0.0007540453225374222
adult,ind,0.3625,0.7983533143997192,0.029000047594308853,0.8668066263198853,0.008793244138360023,0.034000199288129807,0.002983517711982131,0.020964788272976875,0.0031989077106118202,0.7597910761833191,0.029808349907398224,0.7868105173110962,0.023428773507475853,0.206208735704422,0.030778195708990097,0.19222472608089447,0.025709807872772217,0.8920331001281738,0.022337494418025017,0.8566115498542786,0.023519616574048996,0.0005425470881164074,0.0002746342506725341,0.0010560147929936647,0.0007186628063209355,0.10742433369159698,0.022477198392152786,0.14233241975307465,0.024002254009246826,0.465097039937973,0.04652015119791031,0.24093356728553772,0.023214703425765038,0.10855870693922043,0.009219719097018242,0.1766606867313385,0.022624032571911812,0.42634424567222595,0.04969169199466705,0.5824057459831238,0.040695060044527054,0.1796308308839798,0.0013774336548522115
adult,none,0.39375,0.800491452217102,0.009695297107100487,0.8899372220039368,0.0033709825947880745,0.07468217611312866,0.0049933516420423985,0.017667412757873535,0.0029334011487662792,0.6674287915229797,0.008915101177990437,0.9033991694450378,0.009254543110728264,0.2578890323638916,0.01204532478004694,0.07893344014883041,0.008512811735272408,0.8238720893859863,0.0083212461322546,0.959779679775238,0.006087687332183123,0.009109079837799072,0.001961281057447195,0.0008723600185476243,0.00044158363016322255,0.167018860578537,0.009633592329919338,0.03934802487492561,0.005925800185650587,0.31880369782447815,0.011138125322759151,0.46247759461402893,0.0343138612806797,0.22080813348293304,0.011896232143044472,0.14901256561279297,0.02263827994465828,0.46038818359375,0.018404275178909302,0.3885098993778229,0.03277648985385895,0.16668401658535004,0.001314341789111495
adult,sep,0.4125,0.8099469542503357,0.028051074594259262,0.857953667640686,0.01243380457162857,0.019572285935282707,0.008382249623537064,0.007408915553241968,0.0029446780681610107,0.7527545094490051,0.03648516908288002,0.8802360892295837,0.024233704432845116,0.22767320275306702,0.03099539317190647,0.11235498636960983,0.022177165374159813,0.8799543380737305,0.02686445415019989,0.9341139197349548,0.019716842100024223,0.0007995431660674512,0.0005206904606893659,9.182736539514735e-05,0.00012573979620356113,0.11924614757299423,0.02641509473323822,0.06579431146383286,0.019632864743471146,0.4692968428134918,0.05818595364689827,0.45888692140579224,0.06279297918081284,0.06140630319714546,0.026248326525092125,0.06463195383548737,0.02567387744784355,0.4692969024181366,0.04252447932958603,0.476481169462204,0.04487611725926399,0.19370900094509125,0.004267705138772726
adult,sep,0.403125,0.812257707118988,0.06555639952421188,0.8554011583328247,0.016608497127890587,0.018133437260985374,0.0099334130063653,0.0058212908916175365,0.00340772676281631,0.7592589259147644,0.06400410085916519,0.8784449696540833,0.04738420993089676,0.22260765731334686,0.07321371138095856,0.11573376506567001,0.05035456642508507,0.8839520812034607,0.051722824573516846,0.9298439025878906,0.04171064868569374,0.0004568817967083305,0.00039618610753677785,0.0,0.0,0.11559110134840012,0.051966045051813126,0.07015611231327057,0.04171062633395195,0.4813872277736664,0.09201006591320038,0.476481169462204,0.09977912157773972,0.0575246587395668,0.03133859485387802,0.05134649947285652,0.030057743191719055,0.4610881507396698,0.12126129865646362,0.472172349691391,0.12725980579853058,0.1939837783575058,0.0051330942660570145
bank,sep,0.25,0.8212310671806335,0.038274701684713364,0.8886553645133972,0.009689883328974247,0.0,0.0,0.0,0.0,0.8157138824462891,0.03529716283082962,0.8718544244766235,0.04700453579425812,0.18428604304790497,0.035297174006700516,0.12814565002918243,0.047004517167806625,0.8160387277603149,0.03258978947997093,0.878980278968811,0.04632440209388733,0.0,0.0,0.0,0.0,0.18396134674549103,0.032589785754680634,0.12101975828409195,0.04632437601685524,0.7742288708686829,0.03700193017721176,0.8585886359214783,0.04799332469701767,0.0,0.0,0.0,0.0,0.22577114403247833,0.03700191527605057,0.14141137897968292,0.047993309795856476,0.1152338758111,0.013095992617309093
default,sep,0.25,0.8239466547966003,0.0090453727170825,0.8552955985069275,0.0012800111435353756,0.012099171988666058,0.0008603556198067963,0.00752658536657691,0.0006240061484277248,0.7973799705505371,0.009369119070470333,0.8241203427314758,0.009307063184678555,0.19052086770534515,0.009618029929697514,0.16835303604602814,0.009188489988446236,0.8886774182319641,0.00868253130465746,0.9007011651992798,0.009315071627497673,0.004895392339676619,0.000408820720622316,0.0026237003039568663,0.00024169696553144604,0.10642722994089127,0.009003003127872944,0.09667516499757767,0.00928348395973444,0.5135799050331116,0.011690834537148476,0.5330470204353333,0.00962616503238678,0.034576669335365295,0.0033427379094064236,0.02636147476732731,0.0023161384742707014,0.4518434703350067,0.011911746114492416,0.4405915439128876,0.009839571081101894,0.1632400006055832,0.0004440716584213078
default,none,0.25,0.8255800604820251,0.006318164523690939,0.857045590877533,0.0014897267101332545,0.021163085475564003,0.0015591139672324061,0.013159677386283875,0.0018867026083171368,0.774310290813446,0.007121236529201269,0.8303200602531433,0.005438950378447771,0.20452666282653809,0.008312545716762543,0.15652020275592804,0.005610981956124306,0.8681894540786743,0.006506782025098801,0.9080068469047546,0.004773934371769428,0.007543303072452545,0.0005550795467570424,0.004480802919715643,0.0006688944413326681,0.12426727265119553,0.0067714788019657135,0.08751227706670761,0.004823751747608185,0.4825221002101898,0.010099309496581554,0.5350906252861023,0.00821028370410204,0.06403125077486038,0.0050037275068461895,0.046281348913908005,0.006474170368164778,0.453446626663208,0.014699487946927547,0.418628066778183,0.010359236039221287,0.16163833439350128,0.0007117668865248561
default,ind,0.25,0.835300087928772,0.004601269029080868,0.8536924719810486,0.0009310609893873334,0.022572828456759453,0.0019516207976266742,0.019282246008515358,0.002177339745685458,0.8078858256340027,0.0030643416102975607,0.8170543909072876,0.0056230551563203335,0.1695413440465927,0.003356741974130273,0.16366341710090637,0.005824514199048281,0.8984363675117493,0.0024561842437833548,0.8935003280639648,0.005489696748554707,0.007641577161848545,0.0006949523813091218,0.006179932039231062,0.0007576606003567576,0.09392204135656357,0.00249498151242733,0.1003197431564331,0.005445765797048807,0.5263168215751648,0.005537512246519327,0.5264575481414795,0.005944731179624796,0.06932153552770615,0.006202865857630968,0.06930714845657349,0.007003729231655598,0.40436163544654846,0.007564163766801357,0.40423527359962463,0.009438492357730865,0.16336166858673096,0.0003587466198951006
bank,ind,0.25,0.9043298959732056,0.0673532485961914,0.8984144330024719,0.010504420846700668,1.5114975212782156e-05,2.2572707166546024e-05,0.0,0.0,0.9046997427940369,0.06775859743356705,0.9216572642326355,0.06639447808265686,0.09528524428606033,0.06777115911245346,0.0783427432179451,0.06639450788497925,0.9176044464111328,0.07414580881595612,0.9333463907241821,0.07086662948131561,5.656108896801015e-06,1.2647444236790761e-05,0.0,0.0,0.0823899358510971,0.07415150105953217,0.06665366888046265,0.07086662948131561,0.7746586203575134,0.0776837170124054,0.8989827036857605,0.06193581223487854,0.0003225806576665491,0.0004417117452248931,0.0,0.0,0.22501878440380096,0.07755620777606964,0.10101733356714249,0.061935797333717346,0.10180681943893433,0.00409264350309968
bank,none,0.25,0.9314395189285278,0.004532223101705313,0.9158245325088501,0.002848093630746007,0.0038431875873357058,0.0016666733426973224,0.005303656216710806,0.001449123490601778,0.9333574175834656,0.006252610124647617,0.9014894366264343,0.00984139647334814,0.06279941648244858,0.0062880730256438255,0.09320687502622604,0.009710612706840038,0.9631977081298828,0.004592900164425373,0.939911961555481,0.01001114584505558,0.0014664025511592627,0.0007841786136850715,0.002687747124582529,0.0007070571300573647,0.035335954278707504,0.004179540555924177,0.05740034580230713,0.010211879387497902,0.5686777234077454,0.05770296975970268,0.652349591255188,0.033038392663002014,0.034391146153211594,0.015170866623520851,0.024479670450091362,0.017916016280651093,0.39693114161491394,0.04980335384607315,0.32317081093788147,0.0192008838057518,0.093700110912323,0.0033961792942136526
